dataset,hidden_layers,learning_rate,activation,optimizer,epochs,avg_f1_score
2_nrml.csv,[23],0.001,relu,adam,10,0.46240077743804
2_nrml.csv,[23],0.001,relu,adam,25,0.6937795641863211
2_nrml.csv,[23],0.001,relu,adam,50,0.8087481148681317
2_nrml.csv,[23],0.001,relu,sgd,10,0.2760816074711209
2_nrml.csv,[23],0.001,relu,sgd,25,0.3212221943313809
2_nrml.csv,[23],0.001,relu,sgd,50,0.3041085487226211
2_nrml.csv,[23],0.001,relu,rmsprop,10,0.8308029872669819
2_nrml.csv,[23],0.001,relu,rmsprop,25,0.9191655735998996
2_nrml.csv,[23],0.001,relu,rmsprop,50,0.9632042780970392
2_nrml.csv,[23],0.001,tanh,adam,10,0.5555910858488771
2_nrml.csv,[23],0.001,tanh,adam,25,0.7836053944248882
2_nrml.csv,[23],0.001,tanh,adam,50,0.8391791672405029
2_nrml.csv,[23],0.001,tanh,sgd,10,0.32718972232707283
2_nrml.csv,[23],0.001,tanh,sgd,25,0.425682331491166
2_nrml.csv,[23],0.001,tanh,sgd,50,0.2934747419436737
2_nrml.csv,[23],0.001,tanh,rmsprop,10,0.8782008135336745
2_nrml.csv,[23],0.001,tanh,rmsprop,25,0.9256940723968544
2_nrml.csv,[23],0.001,tanh,rmsprop,50,0.9481917034851268
2_nrml.csv,[23],0.01,relu,adam,10,0.8808144542101848
2_nrml.csv,[23],0.01,relu,adam,25,0.9661207263176435
2_nrml.csv,[23],0.01,relu,adam,50,0.9979987745174924
2_nrml.csv,[23],0.01,relu,sgd,10,0.34736394989506236
2_nrml.csv,[23],0.01,relu,sgd,25,0.5393164450259179
2_nrml.csv,[23],0.01,relu,sgd,50,0.6535607032718475
2_nrml.csv,[23],0.01,relu,rmsprop,10,0.9908673806426531
2_nrml.csv,[23],0.01,relu,rmsprop,25,0.999042735042735
2_nrml.csv,[23],0.01,relu,rmsprop,50,1.0
2_nrml.csv,[23],0.01,tanh,adam,10,0.8722821117147518
2_nrml.csv,[23],0.01,tanh,adam,25,0.9584151659359905
2_nrml.csv,[23],0.01,tanh,adam,50,0.9968548498325841
2_nrml.csv,[23],0.01,tanh,sgd,10,0.4407328300124355
2_nrml.csv,[23],0.01,tanh,sgd,25,0.6431664000612252
2_nrml.csv,[23],0.01,tanh,sgd,50,0.6728340597985984
2_nrml.csv,[23],0.01,tanh,rmsprop,10,0.9711077893732651
2_nrml.csv,[23],0.01,tanh,rmsprop,25,1.0
2_nrml.csv,[23],0.01,tanh,rmsprop,50,1.0
2_nrml.csv,[23],0.1,relu,adam,10,0.9919242374547117
2_nrml.csv,[23],0.1,relu,adam,25,1.0
2_nrml.csv,[23],0.1,relu,adam,50,1.0
2_nrml.csv,[23],0.1,relu,sgd,10,0.781630266344113
2_nrml.csv,[23],0.1,relu,sgd,25,0.863347552651811
2_nrml.csv,[23],0.1,relu,sgd,50,0.955801588066471
2_nrml.csv,[23],0.1,relu,rmsprop,10,0.9828762466104403
2_nrml.csv,[23],0.1,relu,rmsprop,25,0.9928082769183927
2_nrml.csv,[23],0.1,relu,rmsprop,50,0.9970450375637554
2_nrml.csv,[23],0.1,tanh,adam,10,0.9752823398245406
2_nrml.csv,[23],0.1,tanh,adam,25,1.0
2_nrml.csv,[23],0.1,tanh,adam,50,1.0
2_nrml.csv,[23],0.1,tanh,sgd,10,0.7847871602489503
2_nrml.csv,[23],0.1,tanh,sgd,25,0.8921698158149335
2_nrml.csv,[23],0.1,tanh,sgd,50,0.9482608559189879
2_nrml.csv,[23],0.1,tanh,rmsprop,10,0.9800158623928586
2_nrml.csv,[23],0.1,tanh,rmsprop,25,0.9912477973830438
2_nrml.csv,[23],0.1,tanh,rmsprop,50,0.99808547008547
2_nrml.csv,"[23, 23]",0.001,relu,adam,10,0.4772104633369393
2_nrml.csv,"[23, 23]",0.001,relu,adam,25,0.7589640921102854
2_nrml.csv,"[23, 23]",0.001,relu,adam,50,0.8145061390510927
2_nrml.csv,"[23, 23]",0.001,relu,sgd,10,0.2643780020236243
2_nrml.csv,"[23, 23]",0.001,relu,sgd,25,0.2161071631952939
2_nrml.csv,"[23, 23]",0.001,relu,sgd,50,0.23623030314494065
2_nrml.csv,"[23, 23]",0.001,relu,rmsprop,10,0.8653944009512294
2_nrml.csv,"[23, 23]",0.001,relu,rmsprop,25,0.955785536140169
2_nrml.csv,"[23, 23]",0.001,relu,rmsprop,50,0.9766274946827925
2_nrml.csv,"[23, 23]",0.001,tanh,adam,10,0.6254712635138607
2_nrml.csv,"[23, 23]",0.001,tanh,adam,25,0.7991659897517568
2_nrml.csv,"[23, 23]",0.001,tanh,adam,50,0.8646486738478524
2_nrml.csv,"[23, 23]",0.001,tanh,sgd,10,0.24800684841000656
2_nrml.csv,"[23, 23]",0.001,tanh,sgd,25,0.3062197720167955
2_nrml.csv,"[23, 23]",0.001,tanh,sgd,50,0.32481297918535496
2_nrml.csv,"[23, 23]",0.001,tanh,rmsprop,10,0.8892036121142473
2_nrml.csv,"[23, 23]",0.001,tanh,rmsprop,25,0.9508062379833246
2_nrml.csv,"[23, 23]",0.001,tanh,rmsprop,50,0.9637600445698036
2_nrml.csv,"[23, 23]",0.01,relu,adam,10,0.8448769732847481
2_nrml.csv,"[23, 23]",0.01,relu,adam,25,0.984085236428262
2_nrml.csv,"[23, 23]",0.01,relu,adam,50,1.0
2_nrml.csv,"[23, 23]",0.01,relu,sgd,10,0.20597567690172686
2_nrml.csv,"[23, 23]",0.01,relu,sgd,25,0.2485261426280177
2_nrml.csv,"[23, 23]",0.01,relu,sgd,50,0.505648105502533
2_nrml.csv,"[23, 23]",0.01,relu,rmsprop,10,0.9848679753292566
2_nrml.csv,"[23, 23]",0.01,relu,rmsprop,25,0.9989560394747574
2_nrml.csv,"[23, 23]",0.01,relu,rmsprop,50,1.0
2_nrml.csv,"[23, 23]",0.01,tanh,adam,10,0.8773639203405177
2_nrml.csv,"[23, 23]",0.01,tanh,adam,25,0.9774236706461655
2_nrml.csv,"[23, 23]",0.01,tanh,adam,50,0.997994671503883
2_nrml.csv,"[23, 23]",0.01,tanh,sgd,10,0.35312226077210945
2_nrml.csv,"[23, 23]",0.01,tanh,sgd,25,0.5577224810155331
2_nrml.csv,"[23, 23]",0.01,tanh,sgd,50,0.6245169143946058
2_nrml.csv,"[23, 23]",0.01,tanh,rmsprop,10,0.9754324328302
2_nrml.csv,"[23, 23]",0.01,tanh,rmsprop,25,0.999042735042735
2_nrml.csv,"[23, 23]",0.01,tanh,rmsprop,50,1.0
2_nrml.csv,"[23, 23]",0.1,relu,adam,10,0.9859868892243402
2_nrml.csv,"[23, 23]",0.1,relu,adam,25,1.0
2_nrml.csv,"[23, 23]",0.1,relu,adam,50,1.0
2_nrml.csv,"[23, 23]",0.1,relu,sgd,10,0.5241106529071343
2_nrml.csv,"[23, 23]",0.1,relu,sgd,25,0.7593322150876013
2_nrml.csv,"[23, 23]",0.1,relu,sgd,50,0.9337635105800611
2_nrml.csv,"[23, 23]",0.1,relu,rmsprop,10,0.8768401632642261
2_nrml.csv,"[23, 23]",0.1,relu,rmsprop,25,0.9825924804769581
2_nrml.csv,"[23, 23]",0.1,relu,rmsprop,50,0.9908242334802587
2_nrml.csv,"[23, 23]",0.1,tanh,adam,10,0.9689284402510617
2_nrml.csv,"[23, 23]",0.1,tanh,adam,25,0.9951142171629025
2_nrml.csv,"[23, 23]",0.1,tanh,adam,50,1.0
2_nrml.csv,"[23, 23]",0.1,tanh,sgd,10,0.7100499845493478
2_nrml.csv,"[23, 23]",0.1,tanh,sgd,25,0.8373193072807196
2_nrml.csv,"[23, 23]",0.1,tanh,sgd,50,0.9453448517133018
2_nrml.csv,"[23, 23]",0.1,tanh,rmsprop,10,0.8963720662452495
2_nrml.csv,"[23, 23]",0.1,tanh,rmsprop,25,0.9594061798389205
2_nrml.csv,"[23, 23]",0.1,tanh,rmsprop,50,0.9417323596546255
2_nrml.csv,"[23, 23, 23]",0.001,relu,adam,10,0.348871510460042
2_nrml.csv,"[23, 23, 23]",0.001,relu,adam,25,0.5982453289054076
2_nrml.csv,"[23, 23, 23]",0.001,relu,adam,50,0.8053711796581424
2_nrml.csv,"[23, 23, 23]",0.001,relu,sgd,10,0.18817765397157765
2_nrml.csv,"[23, 23, 23]",0.001,relu,sgd,25,0.23080181752865286
2_nrml.csv,"[23, 23, 23]",0.001,relu,sgd,50,0.20625562870643116
2_nrml.csv,"[23, 23, 23]",0.001,relu,rmsprop,10,0.8451437013220804
2_nrml.csv,"[23, 23, 23]",0.001,relu,rmsprop,25,0.9625179234968527
2_nrml.csv,"[23, 23, 23]",0.001,relu,rmsprop,50,0.9932940138334875
2_nrml.csv,"[23, 23, 23]",0.001,tanh,adam,10,0.5110924364304203
2_nrml.csv,"[23, 23, 23]",0.001,tanh,adam,25,0.7223731529403414
2_nrml.csv,"[23, 23, 23]",0.001,tanh,adam,50,0.8554161924307604
2_nrml.csv,"[23, 23, 23]",0.001,tanh,sgd,10,0.24071647546956876
2_nrml.csv,"[23, 23, 23]",0.001,tanh,sgd,25,0.26217176994646957
2_nrml.csv,"[23, 23, 23]",0.001,tanh,sgd,50,0.3259291226188491
2_nrml.csv,"[23, 23, 23]",0.001,tanh,rmsprop,10,0.8635744821710987
2_nrml.csv,"[23, 23, 23]",0.001,tanh,rmsprop,25,0.9615850474587972
2_nrml.csv,"[23, 23, 23]",0.001,tanh,rmsprop,50,0.9879485685907765
2_nrml.csv,"[23, 23, 23]",0.01,relu,adam,10,0.8018458753729597
2_nrml.csv,"[23, 23, 23]",0.01,relu,adam,25,0.9980039455157019
2_nrml.csv,"[23, 23, 23]",0.01,relu,adam,50,1.0
2_nrml.csv,"[23, 23, 23]",0.01,relu,sgd,10,0.19150153276729945
2_nrml.csv,"[23, 23, 23]",0.01,relu,sgd,25,0.21456058679373796
2_nrml.csv,"[23, 23, 23]",0.01,relu,sgd,50,0.33370477432567647
2_nrml.csv,"[23, 23, 23]",0.01,relu,rmsprop,10,0.975152650061346
2_nrml.csv,"[23, 23, 23]",0.01,relu,rmsprop,25,0.9958390737155038
2_nrml.csv,"[23, 23, 23]",0.01,relu,rmsprop,50,1.0
2_nrml.csv,"[23, 23, 23]",0.01,tanh,adam,10,0.8896986695621024
2_nrml.csv,"[23, 23, 23]",0.01,tanh,adam,25,0.9818945341507529
2_nrml.csv,"[23, 23, 23]",0.01,tanh,adam,50,0.9961701384398752
2_nrml.csv,"[23, 23, 23]",0.01,tanh,sgd,10,0.26662659162008506
2_nrml.csv,"[23, 23, 23]",0.01,tanh,sgd,25,0.46335608840762965
2_nrml.csv,"[23, 23, 23]",0.01,tanh,sgd,50,0.3635103651432135
2_nrml.csv,"[23, 23, 23]",0.01,tanh,rmsprop,10,0.9766860092210949
2_nrml.csv,"[23, 23, 23]",0.01,tanh,rmsprop,25,0.9970446410751153
2_nrml.csv,"[23, 23, 23]",0.01,tanh,rmsprop,50,0.9980811403508772
2_nrml.csv,"[23, 23, 23]",0.1,relu,adam,10,0.9597875155312705
2_nrml.csv,"[23, 23, 23]",0.1,relu,adam,25,1.0
2_nrml.csv,"[23, 23, 23]",0.1,relu,adam,50,1.0
2_nrml.csv,"[23, 23, 23]",0.1,relu,sgd,10,0.33581474153504315
2_nrml.csv,"[23, 23, 23]",0.1,relu,sgd,25,0.5363759460451811
2_nrml.csv,"[23, 23, 23]",0.1,relu,sgd,50,0.7660508721629588
2_nrml.csv,"[23, 23, 23]",0.1,relu,rmsprop,10,0.6920858754343661
2_nrml.csv,"[23, 23, 23]",0.1,relu,rmsprop,25,0.7583592428329872
2_nrml.csv,"[23, 23, 23]",0.1,relu,rmsprop,50,0.912226698611191
2_nrml.csv,"[23, 23, 23]",0.1,tanh,adam,10,0.9559320261179473
2_nrml.csv,"[23, 23, 23]",0.1,tanh,adam,25,0.9952081472593773
2_nrml.csv,"[23, 23, 23]",0.1,tanh,adam,50,0.9912576105258374
2_nrml.csv,"[23, 23, 23]",0.1,tanh,sgd,10,0.6117190230261035
2_nrml.csv,"[23, 23, 23]",0.1,tanh,sgd,25,0.7560703839108134
2_nrml.csv,"[23, 23, 23]",0.1,tanh,sgd,50,0.9112816923465848
2_nrml.csv,"[23, 23, 23]",0.1,tanh,rmsprop,10,0.6625685259766223
2_nrml.csv,"[23, 23, 23]",0.1,tanh,rmsprop,25,0.7779357911562677
2_nrml.csv,"[23, 23, 23]",0.1,tanh,rmsprop,50,0.8017784468489131
2_nrml.csv,"[23, 23, 23, 23]",0.001,relu,adam,10,0.18045869100461043
2_nrml.csv,"[23, 23, 23, 23]",0.001,relu,adam,25,0.5928044144474113
2_nrml.csv,"[23, 23, 23, 23]",0.001,relu,adam,50,0.7914574845930152
2_nrml.csv,"[23, 23, 23, 23]",0.001,relu,sgd,10,0.16946153450140813
2_nrml.csv,"[23, 23, 23, 23]",0.001,relu,sgd,25,0.16594128045812923
2_nrml.csv,"[23, 23, 23, 23]",0.001,relu,sgd,50,0.1809595838225149
2_nrml.csv,"[23, 23, 23, 23]",0.001,relu,rmsprop,10,0.8071956773114218
2_nrml.csv,"[23, 23, 23, 23]",0.001,relu,rmsprop,25,0.9757881136369686
2_nrml.csv,"[23, 23, 23, 23]",0.001,relu,rmsprop,50,1.0
2_nrml.csv,"[23, 23, 23, 23]",0.001,tanh,adam,10,0.5433638560237044
2_nrml.csv,"[23, 23, 23, 23]",0.001,tanh,adam,25,0.7906026267967577
2_nrml.csv,"[23, 23, 23, 23]",0.001,tanh,adam,50,0.8574173312387474
2_nrml.csv,"[23, 23, 23, 23]",0.001,tanh,sgd,10,0.16777447607383977
2_nrml.csv,"[23, 23, 23, 23]",0.001,tanh,sgd,25,0.19864369488932604
2_nrml.csv,"[23, 23, 23, 23]",0.001,tanh,sgd,50,0.21738063810940197
2_nrml.csv,"[23, 23, 23, 23]",0.001,tanh,rmsprop,10,0.9196877721616488
2_nrml.csv,"[23, 23, 23, 23]",0.001,tanh,rmsprop,25,0.9736316934767011
2_nrml.csv,"[23, 23, 23, 23]",0.001,tanh,rmsprop,50,0.998088998088998
2_nrml.csv,"[23, 23, 23, 23]",0.01,relu,adam,10,0.8076205234780721
2_nrml.csv,"[23, 23, 23, 23]",0.01,relu,adam,25,0.9949407475838292
2_nrml.csv,"[23, 23, 23, 23]",0.01,relu,adam,50,1.0
2_nrml.csv,"[23, 23, 23, 23]",0.01,relu,sgd,10,0.17579825816899514
2_nrml.csv,"[23, 23, 23, 23]",0.01,relu,sgd,25,0.21049168760015374
2_nrml.csv,"[23, 23, 23, 23]",0.01,relu,sgd,50,0.21713951194116649
2_nrml.csv,"[23, 23, 23, 23]",0.01,relu,rmsprop,10,0.9139879756639608
2_nrml.csv,"[23, 23, 23, 23]",0.01,relu,rmsprop,25,0.9959896370829033
2_nrml.csv,"[23, 23, 23, 23]",0.01,relu,rmsprop,50,0.999042735042735
2_nrml.csv,"[23, 23, 23, 23]",0.01,tanh,adam,10,0.9240258894494182
2_nrml.csv,"[23, 23, 23, 23]",0.01,tanh,adam,25,0.9787981936516317
2_nrml.csv,"[23, 23, 23, 23]",0.01,tanh,adam,50,0.995122730385131
2_nrml.csv,"[23, 23, 23, 23]",0.01,tanh,sgd,10,0.18182764522412953
2_nrml.csv,"[23, 23, 23, 23]",0.01,tanh,sgd,25,0.26889173975454667
2_nrml.csv,"[23, 23, 23, 23]",0.01,tanh,sgd,50,0.3410745840436862
2_nrml.csv,"[23, 23, 23, 23]",0.01,tanh,rmsprop,10,0.8828049650172037
2_nrml.csv,"[23, 23, 23, 23]",0.01,tanh,rmsprop,25,0.9942508823021123
2_nrml.csv,"[23, 23, 23, 23]",0.01,tanh,rmsprop,50,0.9864286888932835
2_nrml.csv,"[23, 23, 23, 23]",0.1,relu,adam,10,0.8131247282083663
2_nrml.csv,"[23, 23, 23, 23]",0.1,relu,adam,25,0.9979084967320262
2_nrml.csv,"[23, 23, 23, 23]",0.1,relu,adam,50,1.0
2_nrml.csv,"[23, 23, 23, 23]",0.1,relu,sgd,10,0.21051541618339562
2_nrml.csv,"[23, 23, 23, 23]",0.1,relu,sgd,25,0.2639272990357231
2_nrml.csv,"[23, 23, 23, 23]",0.1,relu,sgd,50,0.3972003990824872
2_nrml.csv,"[23, 23, 23, 23]",0.1,relu,rmsprop,10,0.44445362077930434
2_nrml.csv,"[23, 23, 23, 23]",0.1,relu,rmsprop,25,0.490716832427146
2_nrml.csv,"[23, 23, 23, 23]",0.1,relu,rmsprop,50,0.6568819616154394
2_nrml.csv,"[23, 23, 23, 23]",0.1,tanh,adam,10,0.9475751934750999
2_nrml.csv,"[23, 23, 23, 23]",0.1,tanh,adam,25,0.9462203594761981
2_nrml.csv,"[23, 23, 23, 23]",0.1,tanh,adam,50,0.9851595387138913
2_nrml.csv,"[23, 23, 23, 23]",0.1,tanh,sgd,10,0.4703980205079583
2_nrml.csv,"[23, 23, 23, 23]",0.1,tanh,sgd,25,0.6742789745645823
2_nrml.csv,"[23, 23, 23, 23]",0.1,tanh,sgd,50,0.891422377663331
2_nrml.csv,"[23, 23, 23, 23]",0.1,tanh,rmsprop,10,0.5778201322424911
2_nrml.csv,"[23, 23, 23, 23]",0.1,tanh,rmsprop,25,0.6945532816546315
2_nrml.csv,"[23, 23, 23, 23]",0.1,tanh,rmsprop,50,0.7152505932466315
2_nrml.csv,"[23, 23, 23, 23, 23]",0.001,relu,adam,10,0.1909366531129973
2_nrml.csv,"[23, 23, 23, 23, 23]",0.001,relu,adam,25,0.26097443847292434
2_nrml.csv,"[23, 23, 23, 23, 23]",0.001,relu,adam,50,0.6457034952342386
2_nrml.csv,"[23, 23, 23, 23, 23]",0.001,relu,sgd,10,0.16708175631137823
2_nrml.csv,"[23, 23, 23, 23, 23]",0.001,relu,sgd,25,0.16988276820816664
2_nrml.csv,"[23, 23, 23, 23, 23]",0.001,relu,sgd,50,0.16226635678139764
2_nrml.csv,"[23, 23, 23, 23, 23]",0.001,relu,rmsprop,10,0.7518865907594293
2_nrml.csv,"[23, 23, 23, 23, 23]",0.001,relu,rmsprop,25,0.9550261243703231
2_nrml.csv,"[23, 23, 23, 23, 23]",0.001,relu,rmsprop,50,1.0
2_nrml.csv,"[23, 23, 23, 23, 23]",0.001,tanh,adam,10,0.5735618006539727
2_nrml.csv,"[23, 23, 23, 23, 23]",0.001,tanh,adam,25,0.6858529073987636
2_nrml.csv,"[23, 23, 23, 23, 23]",0.001,tanh,adam,50,0.8458711614558897
2_nrml.csv,"[23, 23, 23, 23, 23]",0.001,tanh,sgd,10,0.15056709284630743
2_nrml.csv,"[23, 23, 23, 23, 23]",0.001,tanh,sgd,25,0.19260978595812323
2_nrml.csv,"[23, 23, 23, 23, 23]",0.001,tanh,sgd,50,0.20231778697159752
2_nrml.csv,"[23, 23, 23, 23, 23]",0.001,tanh,rmsprop,10,0.8995971363195581
2_nrml.csv,"[23, 23, 23, 23, 23]",0.001,tanh,rmsprop,25,0.9818056848015904
2_nrml.csv,"[23, 23, 23, 23, 23]",0.001,tanh,rmsprop,50,0.9980811403508772
2_nrml.csv,"[23, 23, 23, 23, 23]",0.01,relu,adam,10,0.6120479482572235
2_nrml.csv,"[23, 23, 23, 23, 23]",0.01,relu,adam,25,0.9903495896148291
2_nrml.csv,"[23, 23, 23, 23, 23]",0.01,relu,adam,50,1.0
2_nrml.csv,"[23, 23, 23, 23, 23]",0.01,relu,sgd,10,0.16417236817708117
2_nrml.csv,"[23, 23, 23, 23, 23]",0.01,relu,sgd,25,0.17016076785149928
2_nrml.csv,"[23, 23, 23, 23, 23]",0.01,relu,sgd,50,0.19378258655126368
2_nrml.csv,"[23, 23, 23, 23, 23]",0.01,relu,rmsprop,10,0.8417126898347987
2_nrml.csv,"[23, 23, 23, 23, 23]",0.01,relu,rmsprop,25,0.9968541824774432
2_nrml.csv,"[23, 23, 23, 23, 23]",0.01,relu,rmsprop,50,0.999042735042735
2_nrml.csv,"[23, 23, 23, 23, 23]",0.01,tanh,adam,10,0.895286704840894
2_nrml.csv,"[23, 23, 23, 23, 23]",0.01,tanh,adam,25,0.9798096610726024
2_nrml.csv,"[23, 23, 23, 23, 23]",0.01,tanh,adam,50,0.9939945450410643
2_nrml.csv,"[23, 23, 23, 23, 23]",0.01,tanh,sgd,10,0.1967001864266606
2_nrml.csv,"[23, 23, 23, 23, 23]",0.01,tanh,sgd,25,0.20032874049029448
2_nrml.csv,"[23, 23, 23, 23, 23]",0.01,tanh,sgd,50,0.30629343750370397
2_nrml.csv,"[23, 23, 23, 23, 23]",0.01,tanh,rmsprop,10,0.7060230072511133
2_nrml.csv,"[23, 23, 23, 23, 23]",0.01,tanh,rmsprop,25,0.9269941029266032
2_nrml.csv,"[23, 23, 23, 23, 23]",0.01,tanh,rmsprop,50,0.9650286040436293
2_nrml.csv,"[23, 23, 23, 23, 23]",0.1,relu,adam,10,0.7228936525505405
2_nrml.csv,"[23, 23, 23, 23, 23]",0.1,relu,adam,25,0.9834021543006759
2_nrml.csv,"[23, 23, 23, 23, 23]",0.1,relu,adam,50,0.9308297119207527
2_nrml.csv,"[23, 23, 23, 23, 23]",0.1,relu,sgd,10,0.18048394447902813
2_nrml.csv,"[23, 23, 23, 23, 23]",0.1,relu,sgd,25,0.1998021086780211
2_nrml.csv,"[23, 23, 23, 23, 23]",0.1,relu,sgd,50,0.17825962501789036
2_nrml.csv,"[23, 23, 23, 23, 23]",0.1,relu,rmsprop,10,0.2695601485801186
2_nrml.csv,"[23, 23, 23, 23, 23]",0.1,relu,rmsprop,25,0.4734128497447701
2_nrml.csv,"[23, 23, 23, 23, 23]",0.1,relu,rmsprop,50,0.3015199397670875
2_nrml.csv,"[23, 23, 23, 23, 23]",0.1,tanh,adam,10,0.7446963371407536
2_nrml.csv,"[23, 23, 23, 23, 23]",0.1,tanh,adam,25,0.9064698212792714
2_nrml.csv,"[23, 23, 23, 23, 23]",0.1,tanh,adam,50,0.9207018216768201
2_nrml.csv,"[23, 23, 23, 23, 23]",0.1,tanh,sgd,10,0.3880281981229298
2_nrml.csv,"[23, 23, 23, 23, 23]",0.1,tanh,sgd,25,0.5029154151441066
2_nrml.csv,"[23, 23, 23, 23, 23]",0.1,tanh,sgd,50,0.7372575097474241
2_nrml.csv,"[23, 23, 23, 23, 23]",0.1,tanh,rmsprop,10,0.4827855717718174
2_nrml.csv,"[23, 23, 23, 23, 23]",0.1,tanh,rmsprop,25,0.6501910823985181
2_nrml.csv,"[23, 23, 23, 23, 23]",0.1,tanh,rmsprop,50,0.5501506789448755
2_og.csv,[23],0.001,relu,adam,10,0.509986608536319
2_og.csv,[23],0.001,relu,adam,25,0.7789179355267679
2_og.csv,[23],0.001,relu,adam,50,0.828234612950884
2_og.csv,[23],0.001,relu,sgd,10,0.3013465133388068
2_og.csv,[23],0.001,relu,sgd,25,0.3223399654097417
2_og.csv,[23],0.001,relu,sgd,50,0.2507224246913463
2_og.csv,[23],0.001,relu,rmsprop,10,0.8463952877052383
2_og.csv,[23],0.001,relu,rmsprop,25,0.9274095651705834
2_og.csv,[23],0.001,relu,rmsprop,50,0.9582354023115787
2_og.csv,[23],0.001,tanh,adam,10,0.5170490244026249
2_og.csv,[23],0.001,tanh,adam,25,0.7811935831593306
2_og.csv,[23],0.001,tanh,adam,50,0.8749076515302157
2_og.csv,[23],0.001,tanh,sgd,10,0.33100645324370814
2_og.csv,[23],0.001,tanh,sgd,25,0.26366709969155033
2_og.csv,[23],0.001,tanh,sgd,50,0.44246518046045
2_og.csv,[23],0.001,tanh,rmsprop,10,0.8620108948201931
2_og.csv,[23],0.001,tanh,rmsprop,25,0.9290225212445978
2_og.csv,[23],0.001,tanh,rmsprop,50,0.9584211212561135
2_og.csv,[23],0.01,relu,adam,10,0.8561439749710871
2_og.csv,[23],0.01,relu,adam,25,0.964953322625678
2_og.csv,[23],0.01,relu,adam,50,1.0
2_og.csv,[23],0.01,relu,sgd,10,0.3600532606415007
2_og.csv,[23],0.01,relu,sgd,25,0.47065462652517515
2_og.csv,[23],0.01,relu,sgd,50,0.6629587469091007
2_og.csv,[23],0.01,relu,rmsprop,10,0.9890121273324077
2_og.csv,[23],0.01,relu,rmsprop,25,1.0
2_og.csv,[23],0.01,relu,rmsprop,50,1.0
2_og.csv,[23],0.01,tanh,adam,10,0.8757744792926454
2_og.csv,[23],0.01,tanh,adam,25,0.956286816857552
2_og.csv,[23],0.01,tanh,adam,50,0.9917148925676269
2_og.csv,[23],0.01,tanh,sgd,10,0.4388180295414753
2_og.csv,[23],0.01,tanh,sgd,25,0.5738996923562945
2_og.csv,[23],0.01,tanh,sgd,50,0.7082678029947269
2_og.csv,[23],0.01,tanh,rmsprop,10,0.9754985620308754
2_og.csv,[23],0.01,tanh,rmsprop,25,1.0
2_og.csv,[23],0.01,tanh,rmsprop,50,1.0
2_og.csv,[23],0.1,relu,adam,10,0.9947532224237229
2_og.csv,[23],0.1,relu,adam,25,1.0
2_og.csv,[23],0.1,relu,adam,50,1.0
2_og.csv,[23],0.1,relu,sgd,10,0.7322676980308429
2_og.csv,[23],0.1,relu,sgd,25,0.870054861888933
2_og.csv,[23],0.1,relu,sgd,50,0.9353271800910893
2_og.csv,[23],0.1,relu,rmsprop,10,0.9817529461849791
2_og.csv,[23],0.1,relu,rmsprop,25,0.9979987745174924
2_og.csv,[23],0.1,relu,rmsprop,50,0.9980901596872203
2_og.csv,[23],0.1,tanh,adam,10,0.9787658155502637
2_og.csv,[23],0.1,tanh,adam,25,0.9989375158107766
2_og.csv,[23],0.1,tanh,adam,50,1.0
2_og.csv,[23],0.1,tanh,sgd,10,0.7742927924219835
2_og.csv,[23],0.1,tanh,sgd,25,0.8931927335788666
2_og.csv,[23],0.1,tanh,sgd,50,0.9479340874871085
2_og.csv,[23],0.1,tanh,rmsprop,10,0.985459265922527
2_og.csv,[23],0.1,tanh,rmsprop,25,0.9908930770828958
2_og.csv,[23],0.1,tanh,rmsprop,50,0.9980811403508772
2_og.csv,"[23, 23]",0.001,relu,adam,10,0.41611624913705086
2_og.csv,"[23, 23]",0.001,relu,adam,25,0.6700053519335069
2_og.csv,"[23, 23]",0.001,relu,adam,50,0.8352798124718197
2_og.csv,"[23, 23]",0.001,relu,sgd,10,0.20790162356724462
2_og.csv,"[23, 23]",0.001,relu,sgd,25,0.24992191766712288
2_og.csv,"[23, 23]",0.001,relu,sgd,50,0.22293130779676357
2_og.csv,"[23, 23]",0.001,relu,rmsprop,10,0.8487879358475083
2_og.csv,"[23, 23]",0.001,relu,rmsprop,25,0.9474682547222335
2_og.csv,"[23, 23]",0.001,relu,rmsprop,50,0.9788608598558712
2_og.csv,"[23, 23]",0.001,tanh,adam,10,0.5379848183955666
2_og.csv,"[23, 23]",0.001,tanh,adam,25,0.7337300467987486
2_og.csv,"[23, 23]",0.001,tanh,adam,50,0.8589656499786761
2_og.csv,"[23, 23]",0.001,tanh,sgd,10,0.3207499003691116
2_og.csv,"[23, 23]",0.001,tanh,sgd,25,0.23725952193639427
2_og.csv,"[23, 23]",0.001,tanh,sgd,50,0.34004135696446075
2_og.csv,"[23, 23]",0.001,tanh,rmsprop,10,0.8881874851954537
2_og.csv,"[23, 23]",0.001,tanh,rmsprop,25,0.9474608499786298
2_og.csv,"[23, 23]",0.001,tanh,rmsprop,50,0.961605817069529
2_og.csv,"[23, 23]",0.01,relu,adam,10,0.8507664601650001
2_og.csv,"[23, 23]",0.01,relu,adam,25,0.9796413967576983
2_og.csv,"[23, 23]",0.01,relu,adam,50,1.0
2_og.csv,"[23, 23]",0.01,relu,sgd,10,0.21254812082641372
2_og.csv,"[23, 23]",0.01,relu,sgd,25,0.42061655614207466
2_og.csv,"[23, 23]",0.01,relu,sgd,50,0.42565890650420124
2_og.csv,"[23, 23]",0.01,relu,rmsprop,10,0.9848445754005832
2_og.csv,"[23, 23]",0.01,relu,rmsprop,25,0.9980886016003578
2_og.csv,"[23, 23]",0.01,relu,rmsprop,50,0.998951936461148
2_og.csv,"[23, 23]",0.01,tanh,adam,10,0.8760804744670387
2_og.csv,"[23, 23]",0.01,tanh,adam,25,0.9722467301226532
2_og.csv,"[23, 23]",0.01,tanh,adam,50,1.0
2_og.csv,"[23, 23]",0.01,tanh,sgd,10,0.3759372893838051
2_og.csv,"[23, 23]",0.01,tanh,sgd,25,0.5035932531200186
2_og.csv,"[23, 23]",0.01,tanh,sgd,50,0.6199934654757046
2_og.csv,"[23, 23]",0.01,tanh,rmsprop,10,0.9807748618203131
2_og.csv,"[23, 23]",0.01,tanh,rmsprop,25,0.9971238753936122
2_og.csv,"[23, 23]",0.01,tanh,rmsprop,50,1.0
2_og.csv,"[23, 23]",0.1,relu,adam,10,0.9877514156504976
2_og.csv,"[23, 23]",0.1,relu,adam,25,0.998951936461148
2_og.csv,"[23, 23]",0.1,relu,adam,50,1.0
2_og.csv,"[23, 23]",0.1,relu,sgd,10,0.6139913051852207
2_og.csv,"[23, 23]",0.1,relu,sgd,25,0.7420035937272679
2_og.csv,"[23, 23]",0.1,relu,sgd,50,0.8821186251374022
2_og.csv,"[23, 23]",0.1,relu,rmsprop,10,0.9117051653824653
2_og.csv,"[23, 23]",0.1,relu,rmsprop,25,0.9859539296876914
2_og.csv,"[23, 23]",0.1,relu,rmsprop,50,0.9878794769325081
2_og.csv,"[23, 23]",0.1,tanh,adam,10,0.9787378267643021
2_og.csv,"[23, 23]",0.1,tanh,adam,25,0.994052450539695
2_og.csv,"[23, 23]",0.1,tanh,adam,50,1.0
2_og.csv,"[23, 23]",0.1,tanh,sgd,10,0.7483040410417952
2_og.csv,"[23, 23]",0.1,tanh,sgd,25,0.8274347199446497
2_og.csv,"[23, 23]",0.1,tanh,sgd,50,0.9454145346322044
2_og.csv,"[23, 23]",0.1,tanh,rmsprop,10,0.9315047501440145
2_og.csv,"[23, 23]",0.1,tanh,rmsprop,25,0.9708916171290902
2_og.csv,"[23, 23]",0.1,tanh,rmsprop,50,0.93662689578849
2_og.csv,"[23, 23, 23]",0.001,relu,adam,10,0.4038858780319492
2_og.csv,"[23, 23, 23]",0.001,relu,adam,25,0.5423307606127967
2_og.csv,"[23, 23, 23]",0.001,relu,adam,50,0.797276948944386
2_og.csv,"[23, 23, 23]",0.001,relu,sgd,10,0.1936306985839751
2_og.csv,"[23, 23, 23]",0.001,relu,sgd,25,0.18517584493573974
2_og.csv,"[23, 23, 23]",0.001,relu,sgd,50,0.21564075409934308
2_og.csv,"[23, 23, 23]",0.001,relu,rmsprop,10,0.8308658812079486
2_og.csv,"[23, 23, 23]",0.001,relu,rmsprop,25,0.9643704253477147
2_og.csv,"[23, 23, 23]",0.001,relu,rmsprop,50,0.991107957259415
2_og.csv,"[23, 23, 23]",0.001,tanh,adam,10,0.4819567920234241
2_og.csv,"[23, 23, 23]",0.001,tanh,adam,25,0.7630712623195507
2_og.csv,"[23, 23, 23]",0.001,tanh,adam,50,0.8416987361097255
2_og.csv,"[23, 23, 23]",0.001,tanh,sgd,10,0.26231676961937056
2_og.csv,"[23, 23, 23]",0.001,tanh,sgd,25,0.2885729853137198
2_og.csv,"[23, 23, 23]",0.001,tanh,sgd,50,0.26730838599273316
2_og.csv,"[23, 23, 23]",0.001,tanh,rmsprop,10,0.8867077495882114
2_og.csv,"[23, 23, 23]",0.001,tanh,rmsprop,25,0.9614316707871728
2_og.csv,"[23, 23, 23]",0.001,tanh,rmsprop,50,0.9891735335844596
2_og.csv,"[23, 23, 23]",0.01,relu,adam,10,0.7878060190400186
2_og.csv,"[23, 23, 23]",0.01,relu,adam,25,0.9917440092808087
2_og.csv,"[23, 23, 23]",0.01,relu,adam,50,1.0
2_og.csv,"[23, 23, 23]",0.01,relu,sgd,10,0.19147365139538716
2_og.csv,"[23, 23, 23]",0.01,relu,sgd,25,0.21455140079144153
2_og.csv,"[23, 23, 23]",0.01,relu,sgd,50,0.24778164963427135
2_og.csv,"[23, 23, 23]",0.01,relu,rmsprop,10,0.9424460773143336
2_og.csv,"[23, 23, 23]",0.01,relu,rmsprop,25,0.998088998088998
2_og.csv,"[23, 23, 23]",0.01,relu,rmsprop,50,1.0
2_og.csv,"[23, 23, 23]",0.01,tanh,adam,10,0.9071393524422906
2_og.csv,"[23, 23, 23]",0.01,tanh,adam,25,0.9797108930941208
2_og.csv,"[23, 23, 23]",0.01,tanh,adam,50,0.9951183201765117
2_og.csv,"[23, 23, 23]",0.01,tanh,sgd,10,0.24682032645527716
2_og.csv,"[23, 23, 23]",0.01,tanh,sgd,25,0.4157957153743306
2_og.csv,"[23, 23, 23]",0.01,tanh,sgd,50,0.5312187291380469
2_og.csv,"[23, 23, 23]",0.01,tanh,rmsprop,10,0.960691235043105
2_og.csv,"[23, 23, 23]",0.01,tanh,rmsprop,25,0.9882471516406289
2_og.csv,"[23, 23, 23]",0.01,tanh,rmsprop,50,0.9979987745174924
2_og.csv,"[23, 23, 23]",0.1,relu,adam,10,0.928076658271068
2_og.csv,"[23, 23, 23]",0.1,relu,adam,25,0.999045866557623
2_og.csv,"[23, 23, 23]",0.1,relu,adam,50,0.998951936461148
2_og.csv,"[23, 23, 23]",0.1,relu,sgd,10,0.2397971746040713
2_og.csv,"[23, 23, 23]",0.1,relu,sgd,25,0.5127416149232591
2_og.csv,"[23, 23, 23]",0.1,relu,sgd,50,0.7358877851367435
2_og.csv,"[23, 23, 23]",0.1,relu,rmsprop,10,0.6139794686257125
2_og.csv,"[23, 23, 23]",0.1,relu,rmsprop,25,0.8013658611715224
2_og.csv,"[23, 23, 23]",0.1,relu,rmsprop,50,0.9328179832963371
2_og.csv,"[23, 23, 23]",0.1,tanh,adam,10,0.9670934071488096
2_og.csv,"[23, 23, 23]",0.1,tanh,adam,25,0.9819891105323089
2_og.csv,"[23, 23, 23]",0.1,tanh,adam,50,0.9932842827848664
2_og.csv,"[23, 23, 23]",0.1,tanh,sgd,10,0.5986269408428639
2_og.csv,"[23, 23, 23]",0.1,tanh,sgd,25,0.7259817600939068
2_og.csv,"[23, 23, 23]",0.1,tanh,sgd,50,0.9168032305550616
2_og.csv,"[23, 23, 23]",0.1,tanh,rmsprop,10,0.6834745006878499
2_og.csv,"[23, 23, 23]",0.1,tanh,rmsprop,25,0.9180096377972843
2_og.csv,"[23, 23, 23]",0.1,tanh,rmsprop,50,0.8686885198185003
2_og.csv,"[23, 23, 23, 23]",0.001,relu,adam,10,0.246369990431546
2_og.csv,"[23, 23, 23, 23]",0.001,relu,adam,25,0.47348255759445523
2_og.csv,"[23, 23, 23, 23]",0.001,relu,adam,50,0.7698312759994613
2_og.csv,"[23, 23, 23, 23]",0.001,relu,sgd,10,0.20448169974096211
2_og.csv,"[23, 23, 23, 23]",0.001,relu,sgd,25,0.17436732109202696
2_og.csv,"[23, 23, 23, 23]",0.001,relu,sgd,50,0.16480193899749346
2_og.csv,"[23, 23, 23, 23]",0.001,relu,rmsprop,10,0.7746879045188798
2_og.csv,"[23, 23, 23, 23]",0.001,relu,rmsprop,25,0.9812960570228254
2_og.csv,"[23, 23, 23, 23]",0.001,relu,rmsprop,50,0.9961701384398752
2_og.csv,"[23, 23, 23, 23]",0.001,tanh,adam,10,0.5808492849459564
2_og.csv,"[23, 23, 23, 23]",0.001,tanh,adam,25,0.7466279779118936
2_og.csv,"[23, 23, 23, 23]",0.001,tanh,adam,50,0.8651580857567319
2_og.csv,"[23, 23, 23, 23]",0.001,tanh,sgd,10,0.19182580336167504
2_og.csv,"[23, 23, 23, 23]",0.001,tanh,sgd,25,0.21472701598678517
2_og.csv,"[23, 23, 23, 23]",0.001,tanh,sgd,50,0.20638363946698862
2_og.csv,"[23, 23, 23, 23]",0.001,tanh,rmsprop,10,0.9083509836655791
2_og.csv,"[23, 23, 23, 23]",0.001,tanh,rmsprop,25,0.9753973642343304
2_og.csv,"[23, 23, 23, 23]",0.001,tanh,rmsprop,50,0.999042735042735
2_og.csv,"[23, 23, 23, 23]",0.01,relu,adam,10,0.847399222507154
2_og.csv,"[23, 23, 23, 23]",0.01,relu,adam,25,0.9744638488833086
2_og.csv,"[23, 23, 23, 23]",0.01,relu,adam,50,1.0
2_og.csv,"[23, 23, 23, 23]",0.01,relu,sgd,10,0.16895299729388352
2_og.csv,"[23, 23, 23, 23]",0.01,relu,sgd,25,0.16713502283831722
2_og.csv,"[23, 23, 23, 23]",0.01,relu,sgd,50,0.19109412929042652
2_og.csv,"[23, 23, 23, 23]",0.01,relu,rmsprop,10,0.8627392286486284
2_og.csv,"[23, 23, 23, 23]",0.01,relu,rmsprop,25,0.9942410040224973
2_og.csv,"[23, 23, 23, 23]",0.01,relu,rmsprop,50,0.9971238753936122
2_og.csv,"[23, 23, 23, 23]",0.01,tanh,adam,10,0.8896819079669095
2_og.csv,"[23, 23, 23, 23]",0.01,tanh,adam,25,0.9872375691539341
2_og.csv,"[23, 23, 23, 23]",0.01,tanh,adam,50,0.9970330768120252
2_og.csv,"[23, 23, 23, 23]",0.01,tanh,sgd,10,0.23845457361165862
2_og.csv,"[23, 23, 23, 23]",0.01,tanh,sgd,25,0.24785221909365318
2_og.csv,"[23, 23, 23, 23]",0.01,tanh,sgd,50,0.2900213524604581
2_og.csv,"[23, 23, 23, 23]",0.01,tanh,rmsprop,10,0.8729035483681404
2_og.csv,"[23, 23, 23, 23]",0.01,tanh,rmsprop,25,0.976557671378397
2_og.csv,"[23, 23, 23, 23]",0.01,tanh,rmsprop,50,0.9952050157444894
2_og.csv,"[23, 23, 23, 23]",0.1,relu,adam,10,0.868521230698485
2_og.csv,"[23, 23, 23, 23]",0.1,relu,adam,25,0.9906003097749982
2_og.csv,"[23, 23, 23, 23]",0.1,relu,adam,50,0.9864645747892287
2_og.csv,"[23, 23, 23, 23]",0.1,relu,sgd,10,0.1773194190400012
2_og.csv,"[23, 23, 23, 23]",0.1,relu,sgd,25,0.24399268138173963
2_og.csv,"[23, 23, 23, 23]",0.1,relu,sgd,50,0.41394062112206687
2_og.csv,"[23, 23, 23, 23]",0.1,relu,rmsprop,10,0.5184405815877158
2_og.csv,"[23, 23, 23, 23]",0.1,relu,rmsprop,25,0.5837503819847185
2_og.csv,"[23, 23, 23, 23]",0.1,relu,rmsprop,50,0.5718785583838526
2_og.csv,"[23, 23, 23, 23]",0.1,tanh,adam,10,0.8289432747038831
2_og.csv,"[23, 23, 23, 23]",0.1,tanh,adam,25,0.9687551463848127
2_og.csv,"[23, 23, 23, 23]",0.1,tanh,adam,50,0.9750178678633121
2_og.csv,"[23, 23, 23, 23]",0.1,tanh,sgd,10,0.5680596380495723
2_og.csv,"[23, 23, 23, 23]",0.1,tanh,sgd,25,0.6979069638213085
2_og.csv,"[23, 23, 23, 23]",0.1,tanh,sgd,50,0.8689144713732538
2_og.csv,"[23, 23, 23, 23]",0.1,tanh,rmsprop,10,0.449332106094975
2_og.csv,"[23, 23, 23, 23]",0.1,tanh,rmsprop,25,0.6570054972495731
2_og.csv,"[23, 23, 23, 23]",0.1,tanh,rmsprop,50,0.8217690808929753
2_og.csv,"[23, 23, 23, 23, 23]",0.001,relu,adam,10,0.21715710177219044
2_og.csv,"[23, 23, 23, 23, 23]",0.001,relu,adam,25,0.32482109467596054
2_og.csv,"[23, 23, 23, 23, 23]",0.001,relu,adam,50,0.716752451193116
2_og.csv,"[23, 23, 23, 23, 23]",0.001,relu,sgd,10,0.1671664475539525
2_og.csv,"[23, 23, 23, 23, 23]",0.001,relu,sgd,25,0.17360573542703675
2_og.csv,"[23, 23, 23, 23, 23]",0.001,relu,sgd,50,0.17641220753214798
2_og.csv,"[23, 23, 23, 23, 23]",0.001,relu,rmsprop,10,0.7311654977346732
2_og.csv,"[23, 23, 23, 23, 23]",0.001,relu,rmsprop,25,0.9678777768666436
2_og.csv,"[23, 23, 23, 23, 23]",0.001,relu,rmsprop,50,0.9935185185185185
2_og.csv,"[23, 23, 23, 23, 23]",0.001,tanh,adam,10,0.5588900458104716
2_og.csv,"[23, 23, 23, 23, 23]",0.001,tanh,adam,25,0.6611723711835463
2_og.csv,"[23, 23, 23, 23, 23]",0.001,tanh,adam,50,0.8261145027647446
2_og.csv,"[23, 23, 23, 23, 23]",0.001,tanh,sgd,10,0.15950800198550144
2_og.csv,"[23, 23, 23, 23, 23]",0.001,tanh,sgd,25,0.19170466817422427
2_og.csv,"[23, 23, 23, 23, 23]",0.001,tanh,sgd,50,0.2098491937333165
2_og.csv,"[23, 23, 23, 23, 23]",0.001,tanh,rmsprop,10,0.907356997186986
2_og.csv,"[23, 23, 23, 23, 23]",0.001,tanh,rmsprop,25,0.9900856262830233
2_og.csv,"[23, 23, 23, 23, 23]",0.001,tanh,rmsprop,50,1.0
2_og.csv,"[23, 23, 23, 23, 23]",0.01,relu,adam,10,0.6273599688954878
2_og.csv,"[23, 23, 23, 23, 23]",0.01,relu,adam,25,0.9865127079507875
2_og.csv,"[23, 23, 23, 23, 23]",0.01,relu,adam,50,1.0
2_og.csv,"[23, 23, 23, 23, 23]",0.01,relu,sgd,10,0.16366283845753316
2_og.csv,"[23, 23, 23, 23, 23]",0.01,relu,sgd,25,0.17044990519036302
2_og.csv,"[23, 23, 23, 23, 23]",0.01,relu,sgd,50,0.16823875789413373
2_og.csv,"[23, 23, 23, 23, 23]",0.01,relu,rmsprop,10,0.7443717708023888
2_og.csv,"[23, 23, 23, 23, 23]",0.01,relu,rmsprop,25,0.9942512787907525
2_og.csv,"[23, 23, 23, 23, 23]",0.01,relu,rmsprop,50,0.9979674408014573
2_og.csv,"[23, 23, 23, 23, 23]",0.01,tanh,adam,10,0.8807139428244588
2_og.csv,"[23, 23, 23, 23, 23]",0.01,tanh,adam,25,0.9793671006099254
2_og.csv,"[23, 23, 23, 23, 23]",0.01,tanh,adam,50,0.9961701384398752
2_og.csv,"[23, 23, 23, 23, 23]",0.01,tanh,sgd,10,0.17807514546934036
2_og.csv,"[23, 23, 23, 23, 23]",0.01,tanh,sgd,25,0.18201951568437447
2_og.csv,"[23, 23, 23, 23, 23]",0.01,tanh,sgd,50,0.2844970401766729
2_og.csv,"[23, 23, 23, 23, 23]",0.01,tanh,rmsprop,10,0.6678579644568104
2_og.csv,"[23, 23, 23, 23, 23]",0.01,tanh,rmsprop,25,0.9339080879152426
2_og.csv,"[23, 23, 23, 23, 23]",0.01,tanh,rmsprop,50,0.9750416009479359
2_og.csv,"[23, 23, 23, 23, 23]",0.1,relu,adam,10,0.8657097903285595
2_og.csv,"[23, 23, 23, 23, 23]",0.1,relu,adam,25,0.9659463705492548
2_og.csv,"[23, 23, 23, 23, 23]",0.1,relu,adam,50,0.9476713315712242
2_og.csv,"[23, 23, 23, 23, 23]",0.1,relu,sgd,10,0.17014313039261628
2_og.csv,"[23, 23, 23, 23, 23]",0.1,relu,sgd,25,0.21134238701394664
2_og.csv,"[23, 23, 23, 23, 23]",0.1,relu,sgd,50,0.20882025281668173
2_og.csv,"[23, 23, 23, 23, 23]",0.1,relu,rmsprop,10,0.3292918200505195
2_og.csv,"[23, 23, 23, 23, 23]",0.1,relu,rmsprop,25,0.32119749790125474
2_og.csv,"[23, 23, 23, 23, 23]",0.1,relu,rmsprop,50,0.42109802677957753
2_og.csv,"[23, 23, 23, 23, 23]",0.1,tanh,adam,10,0.8107093104898484
2_og.csv,"[23, 23, 23, 23, 23]",0.1,tanh,adam,25,0.8716435482473115
2_og.csv,"[23, 23, 23, 23, 23]",0.1,tanh,adam,50,0.8908685592847696
2_og.csv,"[23, 23, 23, 23, 23]",0.1,tanh,sgd,10,0.38322430742884006
2_og.csv,"[23, 23, 23, 23, 23]",0.1,tanh,sgd,25,0.587355932287311
2_og.csv,"[23, 23, 23, 23, 23]",0.1,tanh,sgd,50,0.800440383715264
2_og.csv,"[23, 23, 23, 23, 23]",0.1,tanh,rmsprop,10,0.4040826362353056
2_og.csv,"[23, 23, 23, 23, 23]",0.1,tanh,rmsprop,25,0.5370432817647298
2_og.csv,"[23, 23, 23, 23, 23]",0.1,tanh,rmsprop,50,0.6249379532634854
