dataset,hidden_layers,learning_rate,activation,optimizer,epochs,avg_f1_score,num_hidden_layers
1_ef_b.csv,[15],0.001,relu,adam,10,0.6380273857215798,1
1_ef_b.csv,[15],0.001,relu,adam,25,0.564034235334487,1
1_ef_b.csv,[15],0.001,relu,adam,50,0.7132107420452785,1
1_ef_b.csv,[15],0.001,relu,sgd,10,0.2802547586868269,1
1_ef_b.csv,[15],0.001,relu,sgd,25,0.4333010752688171,1
1_ef_b.csv,[15],0.001,relu,sgd,50,0.449583061105987,1
1_ef_b.csv,[15],0.001,relu,rmsprop,10,0.8339539869782098,1
1_ef_b.csv,[15],0.001,relu,rmsprop,25,0.8485153132297588,1
1_ef_b.csv,[15],0.001,relu,rmsprop,50,0.8274638572426435,1
1_ef_b.csv,[15],0.001,tanh,adam,10,0.7248764139678133,1
1_ef_b.csv,[15],0.001,tanh,adam,25,0.694021930450502,1
1_ef_b.csv,[15],0.001,tanh,adam,50,0.6704883445604978,1
1_ef_b.csv,[15],0.001,tanh,sgd,10,0.3610523281776479,1
1_ef_b.csv,[15],0.001,tanh,sgd,25,0.48615953869181994,1
1_ef_b.csv,[15],0.001,tanh,sgd,50,0.5159349646709376,1
1_ef_b.csv,[15],0.001,tanh,rmsprop,10,0.8486500638529891,1
1_ef_b.csv,[15],0.001,tanh,rmsprop,25,0.8256741256159861,1
1_ef_b.csv,[15],0.001,tanh,rmsprop,50,0.8476951580878019,1
1_ef_b.csv,[15],0.01,relu,adam,10,0.8522463533244318,1
1_ef_b.csv,[15],0.01,relu,adam,25,0.855549346456287,1
1_ef_b.csv,[15],0.01,relu,adam,50,0.8506932032838052,1
1_ef_b.csv,[15],0.01,relu,sgd,10,0.413926555602397,1
1_ef_b.csv,[15],0.01,relu,sgd,25,0.5176991353365044,1
1_ef_b.csv,[15],0.01,relu,sgd,50,0.4754809260227216,1
1_ef_b.csv,[15],0.01,relu,rmsprop,10,0.8565033066431701,1
1_ef_b.csv,[15],0.01,relu,rmsprop,25,0.8459430529433813,1
1_ef_b.csv,[15],0.01,relu,rmsprop,50,0.8480903544979432,1
1_ef_b.csv,[15],0.01,tanh,adam,10,0.8547876779710195,1
1_ef_b.csv,[15],0.01,tanh,adam,25,0.8591120022953438,1
1_ef_b.csv,[15],0.01,tanh,adam,50,0.8632463692204085,1
1_ef_b.csv,[15],0.01,tanh,sgd,10,0.5853929920517896,1
1_ef_b.csv,[15],0.01,tanh,sgd,25,0.6310137141342386,1
1_ef_b.csv,[15],0.01,tanh,sgd,50,0.4983311449729936,1
1_ef_b.csv,[15],0.01,tanh,rmsprop,10,0.8536984285943895,1
1_ef_b.csv,[15],0.01,tanh,rmsprop,25,0.850098731677679,1
1_ef_b.csv,[15],0.01,tanh,rmsprop,50,0.8527074273298529,1
1_ef_b.csv,[15],0.1,relu,adam,10,0.8471233757402669,1
1_ef_b.csv,[15],0.1,relu,adam,25,0.8409530768017122,1
1_ef_b.csv,[15],0.1,relu,adam,50,0.8420114669074279,1
1_ef_b.csv,[15],0.1,relu,sgd,10,0.8309856362797976,1
1_ef_b.csv,[15],0.1,relu,sgd,25,0.8394920613645059,1
1_ef_b.csv,[15],0.1,relu,sgd,50,0.8375668827296734,1
1_ef_b.csv,[15],0.1,relu,rmsprop,10,0.7259790193656473,1
1_ef_b.csv,[15],0.1,relu,rmsprop,25,0.7168280202538868,1
1_ef_b.csv,[15],0.1,relu,rmsprop,50,0.7875594475727454,1
1_ef_b.csv,[15],0.1,tanh,adam,10,0.8436955439786639,1
1_ef_b.csv,[15],0.1,tanh,adam,25,0.8569001924712104,1
1_ef_b.csv,[15],0.1,tanh,adam,50,0.8555505559504362,1
1_ef_b.csv,[15],0.1,tanh,sgd,10,0.8385173887123315,1
1_ef_b.csv,[15],0.1,tanh,sgd,25,0.8620421804696516,1
1_ef_b.csv,[15],0.1,tanh,sgd,50,0.8293559050290022,1
1_ef_b.csv,[15],0.1,tanh,rmsprop,10,0.8619724775970047,1
1_ef_b.csv,[15],0.1,tanh,rmsprop,25,0.8541201462948124,1
1_ef_b.csv,[15],0.1,tanh,rmsprop,50,0.8476821221223705,1
1_ef_b.csv,"[15, 15]",0.001,relu,adam,10,0.49147390155201887,2
1_ef_b.csv,"[15, 15]",0.001,relu,adam,25,0.327251055104316,2
1_ef_b.csv,"[15, 15]",0.001,relu,adam,50,0.6175684954286524,2
1_ef_b.csv,"[15, 15]",0.001,relu,sgd,10,0.528913671710803,2
1_ef_b.csv,"[15, 15]",0.001,relu,sgd,25,0.443339583057325,2
1_ef_b.csv,"[15, 15]",0.001,relu,sgd,50,0.40978902932531963,2
1_ef_b.csv,"[15, 15]",0.001,relu,rmsprop,10,0.8559440207834799,2
1_ef_b.csv,"[15, 15]",0.001,relu,rmsprop,25,0.8526968452454113,2
1_ef_b.csv,"[15, 15]",0.001,relu,rmsprop,50,0.8573084424451647,2
1_ef_b.csv,"[15, 15]",0.001,tanh,adam,10,0.6741834138803147,2
1_ef_b.csv,"[15, 15]",0.001,tanh,adam,25,0.570571343550067,2
1_ef_b.csv,"[15, 15]",0.001,tanh,adam,50,0.7421462017936925,2
1_ef_b.csv,"[15, 15]",0.001,tanh,sgd,10,0.3333913433355923,2
1_ef_b.csv,"[15, 15]",0.001,tanh,sgd,25,0.42419160478273776,2
1_ef_b.csv,"[15, 15]",0.001,tanh,sgd,50,0.37069555387851905,2
1_ef_b.csv,"[15, 15]",0.001,tanh,rmsprop,10,0.8432752904462821,2
1_ef_b.csv,"[15, 15]",0.001,tanh,rmsprop,25,0.8591120022953438,2
1_ef_b.csv,"[15, 15]",0.001,tanh,rmsprop,50,0.8521831092883725,2
1_ef_b.csv,"[15, 15]",0.01,relu,adam,10,0.8591120022953438,2
1_ef_b.csv,"[15, 15]",0.01,relu,adam,25,0.8595439652732064,2
1_ef_b.csv,"[15, 15]",0.01,relu,adam,50,0.8576787350918584,2
1_ef_b.csv,"[15, 15]",0.01,relu,sgd,10,0.5442965587044535,2
1_ef_b.csv,"[15, 15]",0.01,relu,sgd,25,0.3102566646316646,2
1_ef_b.csv,"[15, 15]",0.01,relu,sgd,50,0.3247075569358178,2
1_ef_b.csv,"[15, 15]",0.01,relu,rmsprop,10,0.8539562413054069,2
1_ef_b.csv,"[15, 15]",0.01,relu,rmsprop,25,0.8522128965825416,2
1_ef_b.csv,"[15, 15]",0.01,relu,rmsprop,50,0.8437535150650473,2
1_ef_b.csv,"[15, 15]",0.01,tanh,adam,10,0.8565033066431701,2
1_ef_b.csv,"[15, 15]",0.01,tanh,adam,25,0.8527521799941656,2
1_ef_b.csv,"[15, 15]",0.01,tanh,adam,50,0.8642075571469963,2
1_ef_b.csv,"[15, 15]",0.01,tanh,sgd,10,0.39428339294662607,2
1_ef_b.csv,"[15, 15]",0.01,tanh,sgd,25,0.3891157409670465,2
1_ef_b.csv,"[15, 15]",0.01,tanh,sgd,50,0.5177035402555084,2
1_ef_b.csv,"[15, 15]",0.01,tanh,rmsprop,10,0.8527074273298529,2
1_ef_b.csv,"[15, 15]",0.01,tanh,rmsprop,25,0.8486989212160838,2
1_ef_b.csv,"[15, 15]",0.01,tanh,rmsprop,50,0.8527074273298529,2
1_ef_b.csv,"[15, 15]",0.1,relu,adam,10,0.8530328919835443,2
1_ef_b.csv,"[15, 15]",0.1,relu,adam,25,0.8471049195220399,2
1_ef_b.csv,"[15, 15]",0.1,relu,adam,50,0.8373184849386224,2
1_ef_b.csv,"[15, 15]",0.1,relu,sgd,10,0.6230943383363918,2
1_ef_b.csv,"[15, 15]",0.1,relu,sgd,25,0.5827573831223706,2
1_ef_b.csv,"[15, 15]",0.1,relu,sgd,50,0.6533589104842302,2
1_ef_b.csv,"[15, 15]",0.1,relu,rmsprop,10,0.4973878205128205,2
1_ef_b.csv,"[15, 15]",0.1,relu,rmsprop,25,0.6711530026990553,2
1_ef_b.csv,"[15, 15]",0.1,relu,rmsprop,50,0.5989102564102564,2
1_ef_b.csv,"[15, 15]",0.1,tanh,adam,10,0.8587138987586009,2
1_ef_b.csv,"[15, 15]",0.1,tanh,adam,25,0.8472312368536625,2
1_ef_b.csv,"[15, 15]",0.1,tanh,adam,50,0.8508201333372958,2
1_ef_b.csv,"[15, 15]",0.1,tanh,sgd,10,0.8079517526900973,2
1_ef_b.csv,"[15, 15]",0.1,tanh,sgd,25,0.8149716595315377,2
1_ef_b.csv,"[15, 15]",0.1,tanh,sgd,50,0.7860212529960441,2
1_ef_b.csv,"[15, 15]",0.1,tanh,rmsprop,10,0.8544488187287479,2
1_ef_b.csv,"[15, 15]",0.1,tanh,rmsprop,25,0.8491385251607267,2
1_ef_b.csv,"[15, 15]",0.1,tanh,rmsprop,50,0.8470109735226015,2
1_ef_b.csv,"[15, 15, 15]",0.001,relu,adam,10,0.5766773504273505,3
1_ef_b.csv,"[15, 15, 15]",0.001,relu,adam,25,0.6331393070056339,3
1_ef_b.csv,"[15, 15, 15]",0.001,relu,adam,50,0.4325707047169984,3
1_ef_b.csv,"[15, 15, 15]",0.001,relu,sgd,10,0.2687019230769231,3
1_ef_b.csv,"[15, 15, 15]",0.001,relu,sgd,25,0.40196800126103405,3
1_ef_b.csv,"[15, 15, 15]",0.001,relu,sgd,50,0.29388703482735473,3
1_ef_b.csv,"[15, 15, 15]",0.001,relu,rmsprop,10,0.7819789859263544,3
1_ef_b.csv,"[15, 15, 15]",0.001,relu,rmsprop,25,0.8182901208776332,3
1_ef_b.csv,"[15, 15, 15]",0.001,relu,rmsprop,50,0.8336097197996513,3
1_ef_b.csv,"[15, 15, 15]",0.001,tanh,adam,10,0.7333616657108383,3
1_ef_b.csv,"[15, 15, 15]",0.001,tanh,adam,25,0.5942664825494639,3
1_ef_b.csv,"[15, 15, 15]",0.001,tanh,adam,50,0.732218268598799,3
1_ef_b.csv,"[15, 15, 15]",0.001,tanh,sgd,10,0.39731726537349726,3
1_ef_b.csv,"[15, 15, 15]",0.001,tanh,sgd,25,0.6055387170898071,3
1_ef_b.csv,"[15, 15, 15]",0.001,tanh,sgd,50,0.4671089145808023,3
1_ef_b.csv,"[15, 15, 15]",0.001,tanh,rmsprop,10,0.8590726917360583,3
1_ef_b.csv,"[15, 15, 15]",0.001,tanh,rmsprop,25,0.8529036097264594,3
1_ef_b.csv,"[15, 15, 15]",0.001,tanh,rmsprop,50,0.8617833147227538,3
1_ef_b.csv,"[15, 15, 15]",0.01,relu,adam,10,0.8516782265741873,3
1_ef_b.csv,"[15, 15, 15]",0.01,relu,adam,25,0.862031585147828,3
1_ef_b.csv,"[15, 15, 15]",0.01,relu,adam,50,0.8595420472183285,3
1_ef_b.csv,"[15, 15, 15]",0.01,relu,sgd,10,0.41725375234521583,3
1_ef_b.csv,"[15, 15, 15]",0.01,relu,sgd,25,0.5332852564102565,3
1_ef_b.csv,"[15, 15, 15]",0.01,relu,sgd,50,0.18435897435897436,3
1_ef_b.csv,"[15, 15, 15]",0.01,relu,rmsprop,10,0.8485334434190269,3
1_ef_b.csv,"[15, 15, 15]",0.01,relu,rmsprop,25,0.8548215922347155,3
1_ef_b.csv,"[15, 15, 15]",0.01,relu,rmsprop,50,0.8415736821141004,3
1_ef_b.csv,"[15, 15, 15]",0.01,tanh,adam,10,0.8565750044095088,3
1_ef_b.csv,"[15, 15, 15]",0.01,tanh,adam,25,0.8612261672002065,3
1_ef_b.csv,"[15, 15, 15]",0.01,tanh,adam,50,0.8589275490674124,3
1_ef_b.csv,"[15, 15, 15]",0.01,tanh,sgd,10,0.30867519556714473,3
1_ef_b.csv,"[15, 15, 15]",0.01,tanh,sgd,25,0.46955694905880885,3
1_ef_b.csv,"[15, 15, 15]",0.01,tanh,sgd,50,0.39124014216169883,3
1_ef_b.csv,"[15, 15, 15]",0.01,tanh,rmsprop,10,0.8544210517456596,3
1_ef_b.csv,"[15, 15, 15]",0.01,tanh,rmsprop,25,0.845831648611969,3
1_ef_b.csv,"[15, 15, 15]",0.01,tanh,rmsprop,50,0.8424352225719449,3
1_ef_b.csv,"[15, 15, 15]",0.1,relu,adam,10,0.8345016940568003,3
1_ef_b.csv,"[15, 15, 15]",0.1,relu,adam,25,0.844257555483629,3
1_ef_b.csv,"[15, 15, 15]",0.1,relu,adam,50,0.84551926665332,3
1_ef_b.csv,"[15, 15, 15]",0.1,relu,sgd,10,0.3968910256410257,3
1_ef_b.csv,"[15, 15, 15]",0.1,relu,sgd,25,0.2386574074074074,3
1_ef_b.csv,"[15, 15, 15]",0.1,relu,sgd,50,0.5288835804502613,3
1_ef_b.csv,"[15, 15, 15]",0.1,relu,rmsprop,10,0.5312179487179487,3
1_ef_b.csv,"[15, 15, 15]",0.1,relu,rmsprop,25,0.5999358974358975,3
1_ef_b.csv,"[15, 15, 15]",0.1,relu,rmsprop,50,0.6666025641025641,3
1_ef_b.csv,"[15, 15, 15]",0.1,tanh,adam,10,0.8591512747222929,3
1_ef_b.csv,"[15, 15, 15]",0.1,tanh,adam,25,0.8559110583241816,3
1_ef_b.csv,"[15, 15, 15]",0.1,tanh,adam,50,0.8601597664898792,3
1_ef_b.csv,"[15, 15, 15]",0.1,tanh,sgd,10,0.8109868341233091,3
1_ef_b.csv,"[15, 15, 15]",0.1,tanh,sgd,25,0.7370083197046297,3
1_ef_b.csv,"[15, 15, 15]",0.1,tanh,sgd,50,0.7383411538389568,3
1_ef_b.csv,"[15, 15, 15]",0.1,tanh,rmsprop,10,0.8578901820365236,3
1_ef_b.csv,"[15, 15, 15]",0.1,tanh,rmsprop,25,0.8443105186865824,3
1_ef_b.csv,"[15, 15, 15]",0.1,tanh,rmsprop,50,0.8557122477974584,3
1_ef_b.csv,"[15, 15, 15, 15]",0.001,relu,adam,10,0.5600860585423009,4
1_ef_b.csv,"[15, 15, 15, 15]",0.001,relu,adam,25,0.4676442307692308,4
1_ef_b.csv,"[15, 15, 15, 15]",0.001,relu,adam,50,0.4437383872166481,4
1_ef_b.csv,"[15, 15, 15, 15]",0.001,relu,sgd,10,0.40203525641025645,4
1_ef_b.csv,"[15, 15, 15, 15]",0.001,relu,sgd,25,0.26560897435897435,4
1_ef_b.csv,"[15, 15, 15, 15]",0.001,relu,sgd,50,0.535352564102564,4
1_ef_b.csv,"[15, 15, 15, 15]",0.001,relu,rmsprop,10,0.8592463168369188,4
1_ef_b.csv,"[15, 15, 15, 15]",0.001,relu,rmsprop,25,0.8352731585605392,4
1_ef_b.csv,"[15, 15, 15, 15]",0.001,relu,rmsprop,50,0.8569352696210325,4
1_ef_b.csv,"[15, 15, 15, 15]",0.001,tanh,adam,10,0.6683113105236795,4
1_ef_b.csv,"[15, 15, 15, 15]",0.001,tanh,adam,25,0.4726169527415779,4
1_ef_b.csv,"[15, 15, 15, 15]",0.001,tanh,adam,50,0.6504967617545552,4
1_ef_b.csv,"[15, 15, 15, 15]",0.001,tanh,sgd,10,0.3496089743589744,4
1_ef_b.csv,"[15, 15, 15, 15]",0.001,tanh,sgd,25,0.5620352564102565,4
1_ef_b.csv,"[15, 15, 15, 15]",0.001,tanh,sgd,50,0.2773037022501308,4
1_ef_b.csv,"[15, 15, 15, 15]",0.001,tanh,rmsprop,10,0.8632070586611228,4
1_ef_b.csv,"[15, 15, 15, 15]",0.001,tanh,rmsprop,25,0.8591120022953438,4
1_ef_b.csv,"[15, 15, 15, 15]",0.001,tanh,rmsprop,50,0.8591120022953438,4
1_ef_b.csv,"[15, 15, 15, 15]",0.01,relu,adam,10,0.866881527434562,4
1_ef_b.csv,"[15, 15, 15, 15]",0.01,relu,adam,25,0.8207668859760618,4
1_ef_b.csv,"[15, 15, 15, 15]",0.01,relu,adam,50,0.807021409960849,4
1_ef_b.csv,"[15, 15, 15, 15]",0.01,relu,sgd,10,0.26065873819163293,4
1_ef_b.csv,"[15, 15, 15, 15]",0.01,relu,sgd,25,0.3507461694809256,4
1_ef_b.csv,"[15, 15, 15, 15]",0.01,relu,sgd,50,0.47236217948717946,4
1_ef_b.csv,"[15, 15, 15, 15]",0.01,relu,rmsprop,10,0.8538808683319352,4
1_ef_b.csv,"[15, 15, 15, 15]",0.01,relu,rmsprop,25,0.8484192909468307,4
1_ef_b.csv,"[15, 15, 15, 15]",0.01,relu,rmsprop,50,0.8683773785619442,4
1_ef_b.csv,"[15, 15, 15, 15]",0.01,tanh,adam,10,0.8591120022953438,4
1_ef_b.csv,"[15, 15, 15, 15]",0.01,tanh,adam,25,0.8565033066431701,4
1_ef_b.csv,"[15, 15, 15, 15]",0.01,tanh,adam,50,0.8591120022953438,4
1_ef_b.csv,"[15, 15, 15, 15]",0.01,tanh,sgd,10,0.39679334554334555,4
1_ef_b.csv,"[15, 15, 15, 15]",0.01,tanh,sgd,25,0.505947819909194,4
1_ef_b.csv,"[15, 15, 15, 15]",0.01,tanh,sgd,50,0.5372254738015607,4
1_ef_b.csv,"[15, 15, 15, 15]",0.01,tanh,rmsprop,10,0.8478448034158215,4
1_ef_b.csv,"[15, 15, 15, 15]",0.01,tanh,rmsprop,25,0.8585955596736381,4
1_ef_b.csv,"[15, 15, 15, 15]",0.01,tanh,rmsprop,50,0.8621681441469716,4
1_ef_b.csv,"[15, 15, 15, 15]",0.1,relu,adam,10,0.8379408769607892,4
1_ef_b.csv,"[15, 15, 15, 15]",0.1,relu,adam,25,0.8517994455235623,4
1_ef_b.csv,"[15, 15, 15, 15]",0.1,relu,adam,50,0.8600039334087096,4
1_ef_b.csv,"[15, 15, 15, 15]",0.1,relu,sgd,10,0.4622839123242349,4
1_ef_b.csv,"[15, 15, 15, 15]",0.1,relu,sgd,25,0.5911838232286646,4
1_ef_b.csv,"[15, 15, 15, 15]",0.1,relu,sgd,50,0.4180429094714809,4
1_ef_b.csv,"[15, 15, 15, 15]",0.1,relu,rmsprop,10,0.4666185897435898,4
1_ef_b.csv,"[15, 15, 15, 15]",0.1,relu,rmsprop,25,0.46352564102564103,4
1_ef_b.csv,"[15, 15, 15, 15]",0.1,relu,rmsprop,50,0.4666185897435898,4
1_ef_b.csv,"[15, 15, 15, 15]",0.1,tanh,adam,10,0.8509440267335006,4
1_ef_b.csv,"[15, 15, 15, 15]",0.1,tanh,adam,25,0.8500013797181692,4
1_ef_b.csv,"[15, 15, 15, 15]",0.1,tanh,adam,50,0.8537667916021917,4
1_ef_b.csv,"[15, 15, 15, 15]",0.1,tanh,sgd,10,0.5247985092864125,4
1_ef_b.csv,"[15, 15, 15, 15]",0.1,tanh,sgd,25,0.6610914579780859,4
1_ef_b.csv,"[15, 15, 15, 15]",0.1,tanh,sgd,50,0.6636472377357941,4
1_ef_b.csv,"[15, 15, 15, 15]",0.1,tanh,rmsprop,10,0.8217834531765209,4
1_ef_b.csv,"[15, 15, 15, 15]",0.1,tanh,rmsprop,25,0.7532682244227664,4
1_ef_b.csv,"[15, 15, 15, 15]",0.1,tanh,rmsprop,50,0.8228281795723656,4
1_ef_b.csv,"[15, 15, 15, 15, 15]",0.001,relu,adam,10,0.4553685897435898,5
1_ef_b.csv,"[15, 15, 15, 15, 15]",0.001,relu,adam,25,0.2635416666666667,5
1_ef_b.csv,"[15, 15, 15, 15, 15]",0.001,relu,adam,50,0.46259049773755656,5
1_ef_b.csv,"[15, 15, 15, 15, 15]",0.001,relu,sgd,10,0.46766025641025644,5
1_ef_b.csv,"[15, 15, 15, 15, 15]",0.001,relu,sgd,25,0.267676282051282,5
1_ef_b.csv,"[15, 15, 15, 15, 15]",0.001,relu,sgd,50,0.39995192307692307,5
1_ef_b.csv,"[15, 15, 15, 15, 15]",0.001,relu,rmsprop,10,0.847464191915259,5
1_ef_b.csv,"[15, 15, 15, 15, 15]",0.001,relu,rmsprop,25,0.8568564106900194,5
1_ef_b.csv,"[15, 15, 15, 15, 15]",0.001,relu,rmsprop,50,0.8353734564573102,5
1_ef_b.csv,"[15, 15, 15, 15, 15]",0.001,tanh,adam,10,0.7596094049693318,5
1_ef_b.csv,"[15, 15, 15, 15, 15]",0.001,tanh,adam,25,0.6683114607964284,5
1_ef_b.csv,"[15, 15, 15, 15, 15]",0.001,tanh,adam,50,0.7515627261178323,5
1_ef_b.csv,"[15, 15, 15, 15, 15]",0.001,tanh,sgd,10,0.26560897435897435,5
1_ef_b.csv,"[15, 15, 15, 15, 15]",0.001,tanh,sgd,25,0.44629821567321565,5
1_ef_b.csv,"[15, 15, 15, 15, 15]",0.001,tanh,sgd,50,0.26456730769230774,5
1_ef_b.csv,"[15, 15, 15, 15, 15]",0.001,tanh,rmsprop,10,0.8580593707163965,5
1_ef_b.csv,"[15, 15, 15, 15, 15]",0.001,tanh,rmsprop,25,0.8583055134542548,5
1_ef_b.csv,"[15, 15, 15, 15, 15]",0.001,tanh,rmsprop,50,0.8612261672002065,5
1_ef_b.csv,"[15, 15, 15, 15, 15]",0.01,relu,adam,10,0.8612363335261225,5
1_ef_b.csv,"[15, 15, 15, 15, 15]",0.01,relu,adam,25,0.8617833147227538,5
1_ef_b.csv,"[15, 15, 15, 15, 15]",0.01,relu,adam,50,0.7740861968544982,5
1_ef_b.csv,"[15, 15, 15, 15, 15]",0.01,relu,sgd,10,0.26456730769230774,5
1_ef_b.csv,"[15, 15, 15, 15, 15]",0.01,relu,sgd,25,0.19998397435897436,5
1_ef_b.csv,"[15, 15, 15, 15, 15]",0.01,relu,sgd,50,0.4121207264957265,5
1_ef_b.csv,"[15, 15, 15, 15, 15]",0.01,relu,rmsprop,10,0.8496992879866687,5
1_ef_b.csv,"[15, 15, 15, 15, 15]",0.01,relu,rmsprop,25,0.8515498994893387,5
1_ef_b.csv,"[15, 15, 15, 15, 15]",0.01,relu,rmsprop,50,0.8406140350877193,5
1_ef_b.csv,"[15, 15, 15, 15, 15]",0.01,tanh,adam,10,0.849758709381135,5
1_ef_b.csv,"[15, 15, 15, 15, 15]",0.01,tanh,adam,25,0.8568417942549175,5
1_ef_b.csv,"[15, 15, 15, 15, 15]",0.01,tanh,adam,50,0.8523192795612651,5
1_ef_b.csv,"[15, 15, 15, 15, 15]",0.01,tanh,sgd,10,0.3312339743589744,5
1_ef_b.csv,"[15, 15, 15, 15, 15]",0.01,tanh,sgd,25,0.46355589237349204,5
1_ef_b.csv,"[15, 15, 15, 15, 15]",0.01,tanh,sgd,50,0.41924305957200697,5
1_ef_b.csv,"[15, 15, 15, 15, 15]",0.01,tanh,rmsprop,10,0.8467236671163109,5
1_ef_b.csv,"[15, 15, 15, 15, 15]",0.01,tanh,rmsprop,25,0.8450742165491247,5
1_ef_b.csv,"[15, 15, 15, 15, 15]",0.01,tanh,rmsprop,50,0.8517740037110428,5
1_ef_b.csv,"[15, 15, 15, 15, 15]",0.1,relu,adam,10,0.8380575817551874,5
1_ef_b.csv,"[15, 15, 15, 15, 15]",0.1,relu,adam,25,0.8494159449726,5
1_ef_b.csv,"[15, 15, 15, 15, 15]",0.1,relu,adam,50,0.846150020452346,5
1_ef_b.csv,"[15, 15, 15, 15, 15]",0.1,relu,sgd,10,0.2687019230769231,5
1_ef_b.csv,"[15, 15, 15, 15, 15]",0.1,relu,sgd,25,0.33019230769230773,5
1_ef_b.csv,"[15, 15, 15, 15, 15]",0.1,relu,sgd,50,0.3100534188034188,5
1_ef_b.csv,"[15, 15, 15, 15, 15]",0.1,relu,rmsprop,10,0.19791666666666666,5
1_ef_b.csv,"[15, 15, 15, 15, 15]",0.1,relu,rmsprop,25,0.19998397435897436,5
1_ef_b.csv,"[15, 15, 15, 15, 15]",0.1,relu,rmsprop,50,0.2666346153846154,5
1_ef_b.csv,"[15, 15, 15, 15, 15]",0.1,tanh,adam,10,0.875500358449273,5
1_ef_b.csv,"[15, 15, 15, 15, 15]",0.1,tanh,adam,25,0.8440074198886928,5
1_ef_b.csv,"[15, 15, 15, 15, 15]",0.1,tanh,adam,50,0.8563369190132002,5
1_ef_b.csv,"[15, 15, 15, 15, 15]",0.1,tanh,sgd,10,0.2981036324786325,5
1_ef_b.csv,"[15, 15, 15, 15, 15]",0.1,tanh,sgd,25,0.583025181455245,5
1_ef_b.csv,"[15, 15, 15, 15, 15]",0.1,tanh,sgd,50,0.37937625684765275,5
1_ef_b.csv,"[15, 15, 15, 15, 15]",0.1,tanh,rmsprop,10,0.8339995785626488,5
1_ef_b.csv,"[15, 15, 15, 15, 15]",0.1,tanh,rmsprop,25,0.83117033597024,5
1_ef_b.csv,"[15, 15, 15, 15, 15]",0.1,tanh,rmsprop,50,0.851864637257281,5
1_nrml_b.csv,[15],0.001,relu,adam,10,0.5246515463273458,1
1_nrml_b.csv,[15],0.001,relu,adam,25,0.5966660953224183,1
1_nrml_b.csv,[15],0.001,relu,adam,50,0.6174184676219561,1
1_nrml_b.csv,[15],0.001,relu,sgd,10,0.39141793621223,1
1_nrml_b.csv,[15],0.001,relu,sgd,25,0.3599690218917925,1
1_nrml_b.csv,[15],0.001,relu,sgd,50,0.4406166054227511,1
1_nrml_b.csv,[15],0.001,relu,rmsprop,10,0.8208049792940469,1
1_nrml_b.csv,[15],0.001,relu,rmsprop,25,0.7986374894548693,1
1_nrml_b.csv,[15],0.001,relu,rmsprop,50,0.7700574323233947,1
1_nrml_b.csv,[15],0.001,tanh,adam,10,0.6943624254632234,1
1_nrml_b.csv,[15],0.001,tanh,adam,25,0.5643850777569676,1
1_nrml_b.csv,[15],0.001,tanh,adam,50,0.573772463189792,1
1_nrml_b.csv,[15],0.001,tanh,sgd,10,0.41550111904483,1
1_nrml_b.csv,[15],0.001,tanh,sgd,25,0.48211572178880885,1
1_nrml_b.csv,[15],0.001,tanh,sgd,50,0.46456354505507047,1
1_nrml_b.csv,[15],0.001,tanh,rmsprop,10,0.840173045525883,1
1_nrml_b.csv,[15],0.001,tanh,rmsprop,25,0.8393617619307276,1
1_nrml_b.csv,[15],0.001,tanh,rmsprop,50,0.8501343231689233,1
1_nrml_b.csv,[15],0.01,relu,adam,10,0.8642577218878232,1
1_nrml_b.csv,[15],0.01,relu,adam,25,0.8755180279023558,1
1_nrml_b.csv,[15],0.01,relu,adam,50,0.8639779526796275,1
1_nrml_b.csv,[15],0.01,relu,sgd,10,0.45123966546525673,1
1_nrml_b.csv,[15],0.01,relu,sgd,25,0.5025665469561846,1
1_nrml_b.csv,[15],0.01,relu,sgd,50,0.48331452320000234,1
1_nrml_b.csv,[15],0.01,relu,rmsprop,10,0.9232154060826778,1
1_nrml_b.csv,[15],0.01,relu,rmsprop,25,0.9352193994423148,1
1_nrml_b.csv,[15],0.01,relu,rmsprop,50,0.9322958794002469,1
1_nrml_b.csv,[15],0.01,tanh,adam,10,0.8813375149888998,1
1_nrml_b.csv,[15],0.01,tanh,adam,25,0.8535506963998257,1
1_nrml_b.csv,[15],0.01,tanh,adam,50,0.8775335879300543,1
1_nrml_b.csv,[15],0.01,tanh,sgd,10,0.5093738701643533,1
1_nrml_b.csv,[15],0.01,tanh,sgd,25,0.4851000402281027,1
1_nrml_b.csv,[15],0.01,tanh,sgd,50,0.5256924855062853,1
1_nrml_b.csv,[15],0.01,tanh,rmsprop,10,0.9022727272727273,1
1_nrml_b.csv,[15],0.01,tanh,rmsprop,25,0.8949711623907042,1
1_nrml_b.csv,[15],0.01,tanh,rmsprop,50,0.9223623403916381,1
1_nrml_b.csv,[15],0.1,relu,adam,10,0.9261571779228195,1
1_nrml_b.csv,[15],0.1,relu,adam,25,0.9337956125931169,1
1_nrml_b.csv,[15],0.1,relu,adam,50,0.9357184755318917,1
1_nrml_b.csv,[15],0.1,relu,sgd,10,0.6780963050780443,1
1_nrml_b.csv,[15],0.1,relu,sgd,25,0.6853773063037593,1
1_nrml_b.csv,[15],0.1,relu,sgd,50,0.7085298244009032,1
1_nrml_b.csv,[15],0.1,relu,rmsprop,10,0.9126800421170813,1
1_nrml_b.csv,[15],0.1,relu,rmsprop,25,0.9433221772870102,1
1_nrml_b.csv,[15],0.1,relu,rmsprop,50,0.9206345561146071,1
1_nrml_b.csv,[15],0.1,tanh,adam,10,0.9262841102851482,1
1_nrml_b.csv,[15],0.1,tanh,adam,25,0.9301802419669023,1
1_nrml_b.csv,[15],0.1,tanh,adam,50,0.9241673726160397,1
1_nrml_b.csv,[15],0.1,tanh,sgd,10,0.7340574624263579,1
1_nrml_b.csv,[15],0.1,tanh,sgd,25,0.794315359449413,1
1_nrml_b.csv,[15],0.1,tanh,sgd,50,0.7691456102377154,1
1_nrml_b.csv,[15],0.1,tanh,rmsprop,10,0.9400029492258646,1
1_nrml_b.csv,[15],0.1,tanh,rmsprop,25,0.9237935899330558,1
1_nrml_b.csv,[15],0.1,tanh,rmsprop,50,0.9335006474614109,1
1_nrml_b.csv,"[15, 15]",0.001,relu,adam,10,0.45132834485775664,2
1_nrml_b.csv,"[15, 15]",0.001,relu,adam,25,0.5280210020864904,2
1_nrml_b.csv,"[15, 15]",0.001,relu,adam,50,0.45732119824945433,2
1_nrml_b.csv,"[15, 15]",0.001,relu,sgd,10,0.3420270035221985,2
1_nrml_b.csv,"[15, 15]",0.001,relu,sgd,25,0.29116854160332417,2
1_nrml_b.csv,"[15, 15]",0.001,relu,sgd,50,0.4010984727637953,2
1_nrml_b.csv,"[15, 15]",0.001,relu,rmsprop,10,0.8483625094399081,2
1_nrml_b.csv,"[15, 15]",0.001,relu,rmsprop,25,0.824766081871345,2
1_nrml_b.csv,"[15, 15]",0.001,relu,rmsprop,50,0.8096175558248728,2
1_nrml_b.csv,"[15, 15]",0.001,tanh,adam,10,0.6304963874326274,2
1_nrml_b.csv,"[15, 15]",0.001,tanh,adam,25,0.5432077300396164,2
1_nrml_b.csv,"[15, 15]",0.001,tanh,adam,50,0.6726124688307852,2
1_nrml_b.csv,"[15, 15]",0.001,tanh,sgd,10,0.4671085065757666,2
1_nrml_b.csv,"[15, 15]",0.001,tanh,sgd,25,0.40751483148117673,2
1_nrml_b.csv,"[15, 15]",0.001,tanh,sgd,50,0.4411078433660485,2
1_nrml_b.csv,"[15, 15]",0.001,tanh,rmsprop,10,0.8751163945870483,2
1_nrml_b.csv,"[15, 15]",0.001,tanh,rmsprop,25,0.8582648220118468,2
1_nrml_b.csv,"[15, 15]",0.001,tanh,rmsprop,50,0.878234533769134,2
1_nrml_b.csv,"[15, 15]",0.01,relu,adam,10,0.8490728855075602,2
1_nrml_b.csv,"[15, 15]",0.01,relu,adam,25,0.87507413647776,2
1_nrml_b.csv,"[15, 15]",0.01,relu,adam,50,0.8681010379474422,2
1_nrml_b.csv,"[15, 15]",0.01,relu,sgd,10,0.41120661309891754,2
1_nrml_b.csv,"[15, 15]",0.01,relu,sgd,25,0.43024832092778553,2
1_nrml_b.csv,"[15, 15]",0.01,relu,sgd,50,0.4976641467736241,2
1_nrml_b.csv,"[15, 15]",0.01,relu,rmsprop,10,0.9333448890028583,2
1_nrml_b.csv,"[15, 15]",0.01,relu,rmsprop,25,0.9413355612255513,2
1_nrml_b.csv,"[15, 15]",0.01,relu,rmsprop,50,0.9456645655545557,2
1_nrml_b.csv,"[15, 15]",0.01,tanh,adam,10,0.8924978119070582,2
1_nrml_b.csv,"[15, 15]",0.01,tanh,adam,25,0.8996364319275921,2
1_nrml_b.csv,"[15, 15]",0.01,tanh,adam,50,0.8841235046743003,2
1_nrml_b.csv,"[15, 15]",0.01,tanh,sgd,10,0.5960729763427519,2
1_nrml_b.csv,"[15, 15]",0.01,tanh,sgd,25,0.5594023662846809,2
1_nrml_b.csv,"[15, 15]",0.01,tanh,sgd,50,0.4309604799156098,2
1_nrml_b.csv,"[15, 15]",0.01,tanh,rmsprop,10,0.9246010465239053,2
1_nrml_b.csv,"[15, 15]",0.01,tanh,rmsprop,25,0.9198576955922327,2
1_nrml_b.csv,"[15, 15]",0.01,tanh,rmsprop,50,0.9017142916897665,2
1_nrml_b.csv,"[15, 15]",0.1,relu,adam,10,0.9477796015771057,2
1_nrml_b.csv,"[15, 15]",0.1,relu,adam,25,0.9456425153793575,2
1_nrml_b.csv,"[15, 15]",0.1,relu,adam,50,0.9479154630686111,2
1_nrml_b.csv,"[15, 15]",0.1,relu,sgd,10,0.4967454536047248,2
1_nrml_b.csv,"[15, 15]",0.1,relu,sgd,25,0.49428018236858984,2
1_nrml_b.csv,"[15, 15]",0.1,relu,sgd,50,0.5686424461394353,2
1_nrml_b.csv,"[15, 15]",0.1,relu,rmsprop,10,0.7544925225460235,2
1_nrml_b.csv,"[15, 15]",0.1,relu,rmsprop,25,0.7455132288021632,2
1_nrml_b.csv,"[15, 15]",0.1,relu,rmsprop,50,0.5589759098428454,2
1_nrml_b.csv,"[15, 15]",0.1,tanh,adam,10,0.9278829839118152,2
1_nrml_b.csv,"[15, 15]",0.1,tanh,adam,25,0.9418167854277059,2
1_nrml_b.csv,"[15, 15]",0.1,tanh,adam,50,0.936055268054701,2
1_nrml_b.csv,"[15, 15]",0.1,tanh,sgd,10,0.6900179918718753,2
1_nrml_b.csv,"[15, 15]",0.1,tanh,sgd,25,0.6634306107627863,2
1_nrml_b.csv,"[15, 15]",0.1,tanh,sgd,50,0.6551584973423472,2
1_nrml_b.csv,"[15, 15]",0.1,tanh,rmsprop,10,0.8806497019439388,2
1_nrml_b.csv,"[15, 15]",0.1,tanh,rmsprop,25,0.920888710491845,2
1_nrml_b.csv,"[15, 15]",0.1,tanh,rmsprop,50,0.9174686924952036,2
1_nrml_b.csv,"[15, 15, 15]",0.001,relu,adam,10,0.49415234588106927,3
1_nrml_b.csv,"[15, 15, 15]",0.001,relu,adam,25,0.47533457613814756,3
1_nrml_b.csv,"[15, 15, 15]",0.001,relu,adam,50,0.5152778358378698,3
1_nrml_b.csv,"[15, 15, 15]",0.001,relu,sgd,10,0.3455011655011655,3
1_nrml_b.csv,"[15, 15, 15]",0.001,relu,sgd,25,0.3942082664935197,3
1_nrml_b.csv,"[15, 15, 15]",0.001,relu,sgd,50,0.4256429409370586,3
1_nrml_b.csv,"[15, 15, 15]",0.001,relu,rmsprop,10,0.8332756681930034,3
1_nrml_b.csv,"[15, 15, 15]",0.001,relu,rmsprop,25,0.8923963328762063,3
1_nrml_b.csv,"[15, 15, 15]",0.001,relu,rmsprop,50,0.855797240514508,3
1_nrml_b.csv,"[15, 15, 15]",0.001,tanh,adam,10,0.5097258337512881,3
1_nrml_b.csv,"[15, 15, 15]",0.001,tanh,adam,25,0.5571431444724066,3
1_nrml_b.csv,"[15, 15, 15]",0.001,tanh,adam,50,0.5053255137297692,3
1_nrml_b.csv,"[15, 15, 15]",0.001,tanh,sgd,10,0.3979305679952232,3
1_nrml_b.csv,"[15, 15, 15]",0.001,tanh,sgd,25,0.4638791987067849,3
1_nrml_b.csv,"[15, 15, 15]",0.001,tanh,sgd,50,0.3330596046110752,3
1_nrml_b.csv,"[15, 15, 15]",0.001,tanh,rmsprop,10,0.9009012938281231,3
1_nrml_b.csv,"[15, 15, 15]",0.001,tanh,rmsprop,25,0.899575268502659,3
1_nrml_b.csv,"[15, 15, 15]",0.001,tanh,rmsprop,50,0.8938905221637224,3
1_nrml_b.csv,"[15, 15, 15]",0.01,relu,adam,10,0.861081683637219,3
1_nrml_b.csv,"[15, 15, 15]",0.01,relu,adam,25,0.8548532857800593,3
1_nrml_b.csv,"[15, 15, 15]",0.01,relu,adam,50,0.8763560979127532,3
1_nrml_b.csv,"[15, 15, 15]",0.01,relu,sgd,10,0.47389423076923076,3
1_nrml_b.csv,"[15, 15, 15]",0.01,relu,sgd,25,0.44469153129479216,3
1_nrml_b.csv,"[15, 15, 15]",0.01,relu,sgd,50,0.24495080003422612,3
1_nrml_b.csv,"[15, 15, 15]",0.01,relu,rmsprop,10,0.9228279306080942,3
1_nrml_b.csv,"[15, 15, 15]",0.01,relu,rmsprop,25,0.9371664937546956,3
1_nrml_b.csv,"[15, 15, 15]",0.01,relu,rmsprop,50,0.9430507305792762,3
1_nrml_b.csv,"[15, 15, 15]",0.01,tanh,adam,10,0.8954441161733573,3
1_nrml_b.csv,"[15, 15, 15]",0.01,tanh,adam,25,0.8868564701223953,3
1_nrml_b.csv,"[15, 15, 15]",0.01,tanh,adam,50,0.8980510714039089,3
1_nrml_b.csv,"[15, 15, 15]",0.01,tanh,sgd,10,0.44487844625309936,3
1_nrml_b.csv,"[15, 15, 15]",0.01,tanh,sgd,25,0.3286194386467479,3
1_nrml_b.csv,"[15, 15, 15]",0.01,tanh,sgd,50,0.4585756931991404,3
1_nrml_b.csv,"[15, 15, 15]",0.01,tanh,rmsprop,10,0.9191075924768495,3
1_nrml_b.csv,"[15, 15, 15]",0.01,tanh,rmsprop,25,0.9004596314380772,3
1_nrml_b.csv,"[15, 15, 15]",0.01,tanh,rmsprop,50,0.926217981615032,3
1_nrml_b.csv,"[15, 15, 15]",0.1,relu,adam,10,0.927755225491374,3
1_nrml_b.csv,"[15, 15, 15]",0.1,relu,adam,25,0.9383505985610652,3
1_nrml_b.csv,"[15, 15, 15]",0.1,relu,adam,50,0.9312685144511874,3
1_nrml_b.csv,"[15, 15, 15]",0.1,relu,sgd,10,0.3249471825519155,3
1_nrml_b.csv,"[15, 15, 15]",0.1,relu,sgd,25,0.26797344816782154,3
1_nrml_b.csv,"[15, 15, 15]",0.1,relu,sgd,50,0.26855158730158735,3
1_nrml_b.csv,"[15, 15, 15]",0.1,relu,rmsprop,10,0.5332852564102565,3
1_nrml_b.csv,"[15, 15, 15]",0.1,relu,rmsprop,25,0.5989102564102564,3
1_nrml_b.csv,"[15, 15, 15]",0.1,relu,rmsprop,50,0.46455128205128204,3
1_nrml_b.csv,"[15, 15, 15]",0.1,tanh,adam,10,0.9173657227627732,3
1_nrml_b.csv,"[15, 15, 15]",0.1,tanh,adam,25,0.9061544036728382,3
1_nrml_b.csv,"[15, 15, 15]",0.1,tanh,adam,50,0.9211761065271633,3
1_nrml_b.csv,"[15, 15, 15]",0.1,tanh,sgd,10,0.6158245682651746,3
1_nrml_b.csv,"[15, 15, 15]",0.1,tanh,sgd,25,0.61773477740583,3
1_nrml_b.csv,"[15, 15, 15]",0.1,tanh,sgd,50,0.7009751663707038,3
1_nrml_b.csv,"[15, 15, 15]",0.1,tanh,rmsprop,10,0.8782819031404692,3
1_nrml_b.csv,"[15, 15, 15]",0.1,tanh,rmsprop,25,0.8576754988635678,3
1_nrml_b.csv,"[15, 15, 15]",0.1,tanh,rmsprop,50,0.8556187151577005,3
1_nrml_b.csv,"[15, 15, 15, 15]",0.001,relu,adam,10,0.38495714072748954,4
1_nrml_b.csv,"[15, 15, 15, 15]",0.001,relu,adam,25,0.49134355588249035,4
1_nrml_b.csv,"[15, 15, 15, 15]",0.001,relu,adam,50,0.3672408237962676,4
1_nrml_b.csv,"[15, 15, 15, 15]",0.001,relu,sgd,10,0.13125,4
1_nrml_b.csv,"[15, 15, 15, 15]",0.001,relu,sgd,25,0.31857351080177165,4
1_nrml_b.csv,"[15, 15, 15, 15]",0.001,relu,sgd,50,0.2643589743589744,4
1_nrml_b.csv,"[15, 15, 15, 15]",0.001,relu,rmsprop,10,0.8647188515671577,4
1_nrml_b.csv,"[15, 15, 15, 15]",0.001,relu,rmsprop,25,0.7378992926780789,4
1_nrml_b.csv,"[15, 15, 15, 15]",0.001,relu,rmsprop,50,0.8891129347777438,4
1_nrml_b.csv,"[15, 15, 15, 15]",0.001,tanh,adam,10,0.35518162393162395,4
1_nrml_b.csv,"[15, 15, 15, 15]",0.001,tanh,adam,25,0.6908233005064924,4
1_nrml_b.csv,"[15, 15, 15, 15]",0.001,tanh,adam,50,0.5864692150138594,4
1_nrml_b.csv,"[15, 15, 15, 15]",0.001,tanh,sgd,10,0.4742920094902268,4
1_nrml_b.csv,"[15, 15, 15, 15]",0.001,tanh,sgd,25,0.5481297134238311,4
1_nrml_b.csv,"[15, 15, 15, 15]",0.001,tanh,sgd,50,0.2272628025569202,4
1_nrml_b.csv,"[15, 15, 15, 15]",0.001,tanh,rmsprop,10,0.89210506012548,4
1_nrml_b.csv,"[15, 15, 15, 15]",0.001,tanh,rmsprop,25,0.8976746950771426,4
1_nrml_b.csv,"[15, 15, 15, 15]",0.001,tanh,rmsprop,50,0.888556514354347,4
1_nrml_b.csv,"[15, 15, 15, 15]",0.01,relu,adam,10,0.8008895031493616,4
1_nrml_b.csv,"[15, 15, 15, 15]",0.01,relu,adam,25,0.8681696612064075,4
1_nrml_b.csv,"[15, 15, 15, 15]",0.01,relu,adam,50,0.881955001244146,4
1_nrml_b.csv,"[15, 15, 15, 15]",0.01,relu,sgd,10,0.3999679487179487,4
1_nrml_b.csv,"[15, 15, 15, 15]",0.01,relu,sgd,25,0.33536858974358974,4
1_nrml_b.csv,"[15, 15, 15, 15]",0.01,relu,sgd,50,0.3999679487179487,4
1_nrml_b.csv,"[15, 15, 15, 15]",0.01,relu,rmsprop,10,0.9307203411173915,4
1_nrml_b.csv,"[15, 15, 15, 15]",0.01,relu,rmsprop,25,0.9314850623103601,4
1_nrml_b.csv,"[15, 15, 15, 15]",0.01,relu,rmsprop,50,0.9333646064757806,4
1_nrml_b.csv,"[15, 15, 15, 15]",0.01,tanh,adam,10,0.8871131477711172,4
1_nrml_b.csv,"[15, 15, 15, 15]",0.01,tanh,adam,25,0.8908140894104919,4
1_nrml_b.csv,"[15, 15, 15, 15]",0.01,tanh,adam,50,0.8876720372650606,4
1_nrml_b.csv,"[15, 15, 15, 15]",0.01,tanh,sgd,10,0.461391129032258,4
1_nrml_b.csv,"[15, 15, 15, 15]",0.01,tanh,sgd,25,0.6356679956222638,4
1_nrml_b.csv,"[15, 15, 15, 15]",0.01,tanh,sgd,50,0.196875,4
1_nrml_b.csv,"[15, 15, 15, 15]",0.01,tanh,rmsprop,10,0.8973026616582691,4
1_nrml_b.csv,"[15, 15, 15, 15]",0.01,tanh,rmsprop,25,0.9190497938541047,4
1_nrml_b.csv,"[15, 15, 15, 15]",0.01,tanh,rmsprop,50,0.9029295829715206,4
1_nrml_b.csv,"[15, 15, 15, 15]",0.1,relu,adam,10,0.9219384350312492,4
1_nrml_b.csv,"[15, 15, 15, 15]",0.1,relu,adam,25,0.9325270917500073,4
1_nrml_b.csv,"[15, 15, 15, 15]",0.1,relu,adam,50,0.9021686817923795,4
1_nrml_b.csv,"[15, 15, 15, 15]",0.1,relu,sgd,10,0.267676282051282,4
1_nrml_b.csv,"[15, 15, 15, 15]",0.1,relu,sgd,25,0.32910103785103784,4
1_nrml_b.csv,"[15, 15, 15, 15]",0.1,relu,sgd,50,0.3363942307692308,4
1_nrml_b.csv,"[15, 15, 15, 15]",0.1,relu,rmsprop,10,0.5343108974358974,4
1_nrml_b.csv,"[15, 15, 15, 15]",0.1,relu,rmsprop,25,0.5989102564102564,4
1_nrml_b.csv,"[15, 15, 15, 15]",0.1,relu,rmsprop,50,0.5343108974358974,4
1_nrml_b.csv,"[15, 15, 15, 15]",0.1,tanh,adam,10,0.8875338175386072,4
1_nrml_b.csv,"[15, 15, 15, 15]",0.1,tanh,adam,25,0.9000162609181329,4
1_nrml_b.csv,"[15, 15, 15, 15]",0.1,tanh,adam,50,0.8912831066656393,4
1_nrml_b.csv,"[15, 15, 15, 15]",0.1,tanh,sgd,10,0.29867778700627534,4
1_nrml_b.csv,"[15, 15, 15, 15]",0.1,tanh,sgd,25,0.5992481663669273,4
1_nrml_b.csv,"[15, 15, 15, 15]",0.1,tanh,sgd,50,0.46711449939536936,4
1_nrml_b.csv,"[15, 15, 15, 15]",0.1,tanh,rmsprop,10,0.7902562174368467,4
1_nrml_b.csv,"[15, 15, 15, 15]",0.1,tanh,rmsprop,25,0.7906293909405986,4
1_nrml_b.csv,"[15, 15, 15, 15]",0.1,tanh,rmsprop,50,0.7173979325343952,4
1_nrml_b.csv,"[15, 15, 15, 15, 15]",0.001,relu,adam,10,0.32782081590592227,5
1_nrml_b.csv,"[15, 15, 15, 15, 15]",0.001,relu,adam,25,0.29626424501424503,5
1_nrml_b.csv,"[15, 15, 15, 15, 15]",0.001,relu,adam,50,0.39543353576248313,5
1_nrml_b.csv,"[15, 15, 15, 15, 15]",0.001,relu,sgd,10,0.5312179487179487,5
1_nrml_b.csv,"[15, 15, 15, 15, 15]",0.001,relu,sgd,25,0.33536858974358974,5
1_nrml_b.csv,"[15, 15, 15, 15, 15]",0.001,relu,sgd,50,0.4666185897435898,5
1_nrml_b.csv,"[15, 15, 15, 15, 15]",0.001,relu,rmsprop,10,0.7757889108820786,5
1_nrml_b.csv,"[15, 15, 15, 15, 15]",0.001,relu,rmsprop,25,0.865688819862366,5
1_nrml_b.csv,"[15, 15, 15, 15, 15]",0.001,relu,rmsprop,50,0.7869183594266438,5
1_nrml_b.csv,"[15, 15, 15, 15, 15]",0.001,tanh,adam,10,0.4185334249084248,5
1_nrml_b.csv,"[15, 15, 15, 15, 15]",0.001,tanh,adam,25,0.6423533767512173,5
1_nrml_b.csv,"[15, 15, 15, 15, 15]",0.001,tanh,adam,50,0.6953394003643094,5
1_nrml_b.csv,"[15, 15, 15, 15, 15]",0.001,tanh,sgd,10,0.2539423076923077,5
1_nrml_b.csv,"[15, 15, 15, 15, 15]",0.001,tanh,sgd,25,0.37717812329514455,5
1_nrml_b.csv,"[15, 15, 15, 15, 15]",0.001,tanh,sgd,50,0.2428411172161172,5
1_nrml_b.csv,"[15, 15, 15, 15, 15]",0.001,tanh,rmsprop,10,0.889973138665708,5
1_nrml_b.csv,"[15, 15, 15, 15, 15]",0.001,tanh,rmsprop,25,0.8818035719669384,5
1_nrml_b.csv,"[15, 15, 15, 15, 15]",0.001,tanh,rmsprop,50,0.8991656989423111,5
1_nrml_b.csv,"[15, 15, 15, 15, 15]",0.01,relu,adam,10,0.8445653482445155,5
1_nrml_b.csv,"[15, 15, 15, 15, 15]",0.01,relu,adam,25,0.8820423678064525,5
1_nrml_b.csv,"[15, 15, 15, 15, 15]",0.01,relu,adam,50,0.8764969923596097,5
1_nrml_b.csv,"[15, 15, 15, 15, 15]",0.01,relu,sgd,10,0.37878726893261777,5
1_nrml_b.csv,"[15, 15, 15, 15, 15]",0.01,relu,sgd,25,0.5013639601139601,5
1_nrml_b.csv,"[15, 15, 15, 15, 15]",0.01,relu,sgd,50,0.33434294871794873,5
1_nrml_b.csv,"[15, 15, 15, 15, 15]",0.01,relu,rmsprop,10,0.9238182341387106,5
1_nrml_b.csv,"[15, 15, 15, 15, 15]",0.01,relu,rmsprop,25,0.9383533972274755,5
1_nrml_b.csv,"[15, 15, 15, 15, 15]",0.01,relu,rmsprop,50,0.9368914687326784,5
1_nrml_b.csv,"[15, 15, 15, 15, 15]",0.01,tanh,adam,10,0.8833916973421161,5
1_nrml_b.csv,"[15, 15, 15, 15, 15]",0.01,tanh,adam,25,0.8779294304776437,5
1_nrml_b.csv,"[15, 15, 15, 15, 15]",0.01,tanh,adam,50,0.8931367533429236,5
1_nrml_b.csv,"[15, 15, 15, 15, 15]",0.01,tanh,sgd,10,0.25579545454545455,5
1_nrml_b.csv,"[15, 15, 15, 15, 15]",0.01,tanh,sgd,25,0.5374794157455448,5
1_nrml_b.csv,"[15, 15, 15, 15, 15]",0.01,tanh,sgd,50,0.2645833333333333,5
1_nrml_b.csv,"[15, 15, 15, 15, 15]",0.01,tanh,rmsprop,10,0.8921862396199618,5
1_nrml_b.csv,"[15, 15, 15, 15, 15]",0.01,tanh,rmsprop,25,0.8917886681115444,5
1_nrml_b.csv,"[15, 15, 15, 15, 15]",0.01,tanh,rmsprop,50,0.9097245719565565,5
1_nrml_b.csv,"[15, 15, 15, 15, 15]",0.1,relu,adam,10,0.9043344162714554,5
1_nrml_b.csv,"[15, 15, 15, 15, 15]",0.1,relu,adam,25,0.9193557095699078,5
1_nrml_b.csv,"[15, 15, 15, 15, 15]",0.1,relu,adam,50,0.9120030786332052,5
1_nrml_b.csv,"[15, 15, 15, 15, 15]",0.1,relu,sgd,10,0.33536858974358974,5
1_nrml_b.csv,"[15, 15, 15, 15, 15]",0.1,relu,sgd,25,0.1989423076923077,5
1_nrml_b.csv,"[15, 15, 15, 15, 15]",0.1,relu,sgd,50,0.3374358974358974,5
1_nrml_b.csv,"[15, 15, 15, 15, 15]",0.1,relu,rmsprop,10,0.5332852564102565,5
1_nrml_b.csv,"[15, 15, 15, 15, 15]",0.1,relu,rmsprop,25,0.1989423076923077,5
1_nrml_b.csv,"[15, 15, 15, 15, 15]",0.1,relu,rmsprop,50,0.33536858974358974,5
1_nrml_b.csv,"[15, 15, 15, 15, 15]",0.1,tanh,adam,10,0.8632405381245452,5
1_nrml_b.csv,"[15, 15, 15, 15, 15]",0.1,tanh,adam,25,0.8522853454291346,5
1_nrml_b.csv,"[15, 15, 15, 15, 15]",0.1,tanh,adam,50,0.8815987775217804,5
1_nrml_b.csv,"[15, 15, 15, 15, 15]",0.1,tanh,sgd,10,0.37947175631386154,5
1_nrml_b.csv,"[15, 15, 15, 15, 15]",0.1,tanh,sgd,25,0.2353743000294725,5
1_nrml_b.csv,"[15, 15, 15, 15, 15]",0.1,tanh,sgd,50,0.4672264465891415,5
1_nrml_b.csv,"[15, 15, 15, 15, 15]",0.1,tanh,rmsprop,10,0.7418758297297459,5
1_nrml_b.csv,"[15, 15, 15, 15, 15]",0.1,tanh,rmsprop,25,0.8038268585900035,5
1_nrml_b.csv,"[15, 15, 15, 15, 15]",0.1,tanh,rmsprop,50,0.7106854986379758,5
1_og_b.csv,[15],0.001,relu,adam,10,0.5466872713110738,1
1_og_b.csv,[15],0.001,relu,adam,25,0.4251852866123966,1
1_og_b.csv,[15],0.001,relu,adam,50,0.400180305987631,1
1_og_b.csv,[15],0.001,relu,sgd,10,0.3840685697185002,1
1_og_b.csv,[15],0.001,relu,sgd,25,0.5075943431447352,1
1_og_b.csv,[15],0.001,relu,sgd,50,0.4284208197884022,1
1_og_b.csv,[15],0.001,relu,rmsprop,10,0.8466138469629675,1
1_og_b.csv,[15],0.001,relu,rmsprop,25,0.849851929018506,1
1_og_b.csv,[15],0.001,relu,rmsprop,50,0.835475477204616,1
1_og_b.csv,[15],0.001,tanh,adam,10,0.5123365527576889,1
1_og_b.csv,[15],0.001,tanh,adam,25,0.6548444682411525,1
1_og_b.csv,[15],0.001,tanh,adam,50,0.5908367288705886,1
1_og_b.csv,[15],0.001,tanh,sgd,10,0.4860600740246504,1
1_og_b.csv,[15],0.001,tanh,sgd,25,0.48430129385849385,1
1_og_b.csv,[15],0.001,tanh,sgd,50,0.4552288091864236,1
1_og_b.csv,[15],0.001,tanh,rmsprop,10,0.8234224622438493,1
1_og_b.csv,[15],0.001,tanh,rmsprop,25,0.8231137265054661,1
1_og_b.csv,[15],0.001,tanh,rmsprop,50,0.8553415094646637,1
1_og_b.csv,[15],0.01,relu,adam,10,0.8532381124620144,1
1_og_b.csv,[15],0.01,relu,adam,25,0.8584086131527109,1
1_og_b.csv,[15],0.01,relu,adam,50,0.8661543051698593,1
1_og_b.csv,[15],0.01,relu,sgd,10,0.4035557348201996,1
1_og_b.csv,[15],0.01,relu,sgd,25,0.5372699541179009,1
1_og_b.csv,[15],0.01,relu,sgd,50,0.4053676646470715,1
1_og_b.csv,[15],0.01,relu,rmsprop,10,0.9288520062002762,1
1_og_b.csv,[15],0.01,relu,rmsprop,25,0.9356344123082936,1
1_og_b.csv,[15],0.01,relu,rmsprop,50,0.9277503787571852,1
1_og_b.csv,[15],0.01,tanh,adam,10,0.899188988468022,1
1_og_b.csv,[15],0.01,tanh,adam,25,0.8885217624752508,1
1_og_b.csv,[15],0.01,tanh,adam,50,0.8905762365004726,1
1_og_b.csv,[15],0.01,tanh,sgd,10,0.5532351505792444,1
1_og_b.csv,[15],0.01,tanh,sgd,25,0.5178593711786437,1
1_og_b.csv,[15],0.01,tanh,sgd,50,0.5684959916643064,1
1_og_b.csv,[15],0.01,tanh,rmsprop,10,0.9217251438295113,1
1_og_b.csv,[15],0.01,tanh,rmsprop,25,0.8958647818432276,1
1_og_b.csv,[15],0.01,tanh,rmsprop,50,0.9171027570832745,1
1_og_b.csv,[15],0.1,relu,adam,10,0.9245527675030957,1
1_og_b.csv,[15],0.1,relu,adam,25,0.9168976044188384,1
1_og_b.csv,[15],0.1,relu,adam,50,0.9291779584150348,1
1_og_b.csv,[15],0.1,relu,sgd,10,0.6916685092908508,1
1_og_b.csv,[15],0.1,relu,sgd,25,0.6975333644227294,1
1_og_b.csv,[15],0.1,relu,sgd,50,0.6854464530879625,1
1_og_b.csv,[15],0.1,relu,rmsprop,10,0.9166082535452927,1
1_og_b.csv,[15],0.1,relu,rmsprop,25,0.9208769973987364,1
1_og_b.csv,[15],0.1,relu,rmsprop,50,0.9255235280796134,1
1_og_b.csv,[15],0.1,tanh,adam,10,0.9258943089430893,1
1_og_b.csv,[15],0.1,tanh,adam,25,0.9155501348835907,1
1_og_b.csv,[15],0.1,tanh,adam,50,0.9287487785621946,1
1_og_b.csv,[15],0.1,tanh,sgd,10,0.797985298205447,1
1_og_b.csv,[15],0.1,tanh,sgd,25,0.7566006725271134,1
1_og_b.csv,[15],0.1,tanh,sgd,50,0.7908900528568045,1
1_og_b.csv,[15],0.1,tanh,rmsprop,10,0.9292624881365663,1
1_og_b.csv,[15],0.1,tanh,rmsprop,25,0.9433626789270578,1
1_og_b.csv,[15],0.1,tanh,rmsprop,50,0.944664703796865,1
1_og_b.csv,"[15, 15]",0.001,relu,adam,10,0.3552518643637065,2
1_og_b.csv,"[15, 15]",0.001,relu,adam,25,0.5058662511827474,2
1_og_b.csv,"[15, 15]",0.001,relu,adam,50,0.42933594443088535,2
1_og_b.csv,"[15, 15]",0.001,relu,sgd,10,0.5072349798013988,2
1_og_b.csv,"[15, 15]",0.001,relu,sgd,25,0.4050563592795566,2
1_og_b.csv,"[15, 15]",0.001,relu,sgd,50,0.2714935282948967,2
1_og_b.csv,"[15, 15]",0.001,relu,rmsprop,10,0.7964060908266897,2
1_og_b.csv,"[15, 15]",0.001,relu,rmsprop,25,0.8709013225048794,2
1_og_b.csv,"[15, 15]",0.001,relu,rmsprop,50,0.8174043263774088,2
1_og_b.csv,"[15, 15]",0.001,tanh,adam,10,0.6293052269774055,2
1_og_b.csv,"[15, 15]",0.001,tanh,adam,25,0.584326986648504,2
1_og_b.csv,"[15, 15]",0.001,tanh,adam,50,0.5486751061231456,2
1_og_b.csv,"[15, 15]",0.001,tanh,sgd,10,0.3656105050092345,2
1_og_b.csv,"[15, 15]",0.001,tanh,sgd,25,0.45305396409574294,2
1_og_b.csv,"[15, 15]",0.001,tanh,sgd,50,0.3189911222602965,2
1_og_b.csv,"[15, 15]",0.001,tanh,rmsprop,10,0.8557721340375052,2
1_og_b.csv,"[15, 15]",0.001,tanh,rmsprop,25,0.8581975170549487,2
1_og_b.csv,"[15, 15]",0.001,tanh,rmsprop,50,0.8734440139176384,2
1_og_b.csv,"[15, 15]",0.01,relu,adam,10,0.8687738377447303,2
1_og_b.csv,"[15, 15]",0.01,relu,adam,25,0.8568609436457952,2
1_og_b.csv,"[15, 15]",0.01,relu,adam,50,0.8809522360741087,2
1_og_b.csv,"[15, 15]",0.01,relu,sgd,10,0.4662870520416604,2
1_og_b.csv,"[15, 15]",0.01,relu,sgd,25,0.4366152979468197,2
1_og_b.csv,"[15, 15]",0.01,relu,sgd,50,0.4743032907952263,2
1_og_b.csv,"[15, 15]",0.01,relu,rmsprop,10,0.9452325362393428,2
1_og_b.csv,"[15, 15]",0.01,relu,rmsprop,25,0.9384857842203275,2
1_og_b.csv,"[15, 15]",0.01,relu,rmsprop,50,0.9367494889304305,2
1_og_b.csv,"[15, 15]",0.01,tanh,adam,10,0.8902333206050747,2
1_og_b.csv,"[15, 15]",0.01,tanh,adam,25,0.8865458264014148,2
1_og_b.csv,"[15, 15]",0.01,tanh,adam,50,0.8862047134565894,2
1_og_b.csv,"[15, 15]",0.01,tanh,sgd,10,0.45418930006806313,2
1_og_b.csv,"[15, 15]",0.01,tanh,sgd,25,0.4489136406908744,2
1_og_b.csv,"[15, 15]",0.01,tanh,sgd,50,0.49809105289962075,2
1_og_b.csv,"[15, 15]",0.01,tanh,rmsprop,10,0.903241963056385,2
1_og_b.csv,"[15, 15]",0.01,tanh,rmsprop,25,0.9174402848679648,2
1_og_b.csv,"[15, 15]",0.01,tanh,rmsprop,50,0.9128322259136212,2
1_og_b.csv,"[15, 15]",0.1,relu,adam,10,0.9509519134675118,2
1_og_b.csv,"[15, 15]",0.1,relu,adam,25,0.948626332072163,2
1_og_b.csv,"[15, 15]",0.1,relu,adam,50,0.9388570036704198,2
1_og_b.csv,"[15, 15]",0.1,relu,sgd,10,0.5673047506723277,2
1_og_b.csv,"[15, 15]",0.1,relu,sgd,25,0.3761337868480726,2
1_og_b.csv,"[15, 15]",0.1,relu,sgd,50,0.6659966817527214,2
1_og_b.csv,"[15, 15]",0.1,relu,rmsprop,10,0.6845837242026267,2
1_og_b.csv,"[15, 15]",0.1,relu,rmsprop,25,0.6932852564102564,2
1_og_b.csv,"[15, 15]",0.1,relu,rmsprop,50,0.6259992634177417,2
1_og_b.csv,"[15, 15]",0.1,tanh,adam,10,0.938930302247846,2
1_og_b.csv,"[15, 15]",0.1,tanh,adam,25,0.9293494361764655,2
1_og_b.csv,"[15, 15]",0.1,tanh,adam,50,0.9321242216663805,2
1_og_b.csv,"[15, 15]",0.1,tanh,sgd,10,0.6368168649783127,2
1_og_b.csv,"[15, 15]",0.1,tanh,sgd,25,0.5805754191837146,2
1_og_b.csv,"[15, 15]",0.1,tanh,sgd,50,0.706556335614844,2
1_og_b.csv,"[15, 15]",0.1,tanh,rmsprop,10,0.88916441560344,2
1_og_b.csv,"[15, 15]",0.1,tanh,rmsprop,25,0.9133375838253887,2
1_og_b.csv,"[15, 15]",0.1,tanh,rmsprop,50,0.8954324326000895,2
1_og_b.csv,"[15, 15, 15]",0.001,relu,adam,10,0.47773196255946526,3
1_og_b.csv,"[15, 15, 15]",0.001,relu,adam,25,0.3530680813439434,3
1_og_b.csv,"[15, 15, 15]",0.001,relu,adam,50,0.4534899419634074,3
1_og_b.csv,"[15, 15, 15]",0.001,relu,sgd,10,0.14998397435897437,3
1_og_b.csv,"[15, 15, 15]",0.001,relu,sgd,25,0.4795769230769231,3
1_og_b.csv,"[15, 15, 15]",0.001,relu,sgd,50,0.26560897435897435,3
1_og_b.csv,"[15, 15, 15]",0.001,relu,rmsprop,10,0.8611167016732081,3
1_og_b.csv,"[15, 15, 15]",0.001,relu,rmsprop,25,0.875350585167794,3
1_og_b.csv,"[15, 15, 15]",0.001,relu,rmsprop,50,0.8218488073487713,3
1_og_b.csv,"[15, 15, 15]",0.001,tanh,adam,10,0.3460631053102884,3
1_og_b.csv,"[15, 15, 15]",0.001,tanh,adam,25,0.6487810638655824,3
1_og_b.csv,"[15, 15, 15]",0.001,tanh,adam,50,0.4327089177335659,3
1_og_b.csv,"[15, 15, 15]",0.001,tanh,sgd,10,0.41163313060016093,3
1_og_b.csv,"[15, 15, 15]",0.001,tanh,sgd,25,0.5216446956959253,3
1_og_b.csv,"[15, 15, 15]",0.001,tanh,sgd,50,0.47067370807487086,3
1_og_b.csv,"[15, 15, 15]",0.001,tanh,rmsprop,10,0.8809891405249912,3
1_og_b.csv,"[15, 15, 15]",0.001,tanh,rmsprop,25,0.8708930076147972,3
1_og_b.csv,"[15, 15, 15]",0.001,tanh,rmsprop,50,0.8987103952957611,3
1_og_b.csv,"[15, 15, 15]",0.01,relu,adam,10,0.8239143531162334,3
1_og_b.csv,"[15, 15, 15]",0.01,relu,adam,25,0.8752648427714925,3
1_og_b.csv,"[15, 15, 15]",0.01,relu,adam,50,0.8763334073853534,3
1_og_b.csv,"[15, 15, 15]",0.01,relu,sgd,10,0.4155929487179487,3
1_og_b.csv,"[15, 15, 15]",0.01,relu,sgd,25,0.4389262820512821,3
1_og_b.csv,"[15, 15, 15]",0.01,relu,sgd,50,0.3878375723738627,3
1_og_b.csv,"[15, 15, 15]",0.01,relu,rmsprop,10,0.928627452912762,3
1_og_b.csv,"[15, 15, 15]",0.01,relu,rmsprop,25,0.9439863785297703,3
1_og_b.csv,"[15, 15, 15]",0.01,relu,rmsprop,50,0.9412790478672497,3
1_og_b.csv,"[15, 15, 15]",0.01,tanh,adam,10,0.876380600460213,3
1_og_b.csv,"[15, 15, 15]",0.01,tanh,adam,25,0.9101827210884285,3
1_og_b.csv,"[15, 15, 15]",0.01,tanh,adam,50,0.9063500315592977,3
1_og_b.csv,"[15, 15, 15]",0.01,tanh,sgd,10,0.3787136472534958,3
1_og_b.csv,"[15, 15, 15]",0.01,tanh,sgd,25,0.5316458935060779,3
1_og_b.csv,"[15, 15, 15]",0.01,tanh,sgd,50,0.3487071559392988,3
1_og_b.csv,"[15, 15, 15]",0.01,tanh,rmsprop,10,0.8935968002471624,3
1_og_b.csv,"[15, 15, 15]",0.01,tanh,rmsprop,25,0.9334973617900447,3
1_og_b.csv,"[15, 15, 15]",0.01,tanh,rmsprop,50,0.9185650544758044,3
1_og_b.csv,"[15, 15, 15]",0.1,relu,adam,10,0.9233564052281951,3
1_og_b.csv,"[15, 15, 15]",0.1,relu,adam,25,0.9406739448968603,3
1_og_b.csv,"[15, 15, 15]",0.1,relu,adam,50,0.9389340196776683,3
1_og_b.csv,"[15, 15, 15]",0.1,relu,sgd,10,0.32816305343035806,3
1_og_b.csv,"[15, 15, 15]",0.1,relu,sgd,25,0.4348284475186649,3
1_og_b.csv,"[15, 15, 15]",0.1,relu,sgd,50,0.4801341945091946,3
1_og_b.csv,"[15, 15, 15]",0.1,relu,rmsprop,10,0.5999358974358975,3
1_og_b.csv,"[15, 15, 15]",0.1,relu,rmsprop,25,0.5322596153846154,3
1_og_b.csv,"[15, 15, 15]",0.1,relu,rmsprop,50,0.6666025641025641,3
1_og_b.csv,"[15, 15, 15]",0.1,tanh,adam,10,0.9188963210781582,3
1_og_b.csv,"[15, 15, 15]",0.1,tanh,adam,25,0.9279888791488338,3
1_og_b.csv,"[15, 15, 15]",0.1,tanh,adam,50,0.9091754756871037,3
1_og_b.csv,"[15, 15, 15]",0.1,tanh,sgd,10,0.6711647299526621,3
1_og_b.csv,"[15, 15, 15]",0.1,tanh,sgd,25,0.4987168412407634,3
1_og_b.csv,"[15, 15, 15]",0.1,tanh,sgd,50,0.6117628838540405,3
1_og_b.csv,"[15, 15, 15]",0.1,tanh,rmsprop,10,0.8352777554550013,3
1_og_b.csv,"[15, 15, 15]",0.1,tanh,rmsprop,25,0.871233602535361,3
1_og_b.csv,"[15, 15, 15]",0.1,tanh,rmsprop,50,0.8676100382391537,3
1_og_b.csv,"[15, 15, 15, 15]",0.001,relu,adam,10,0.27572552447552445,4
1_og_b.csv,"[15, 15, 15, 15]",0.001,relu,adam,25,0.3836633684112498,4
1_og_b.csv,"[15, 15, 15, 15]",0.001,relu,adam,50,0.49234733468286096,4
1_og_b.csv,"[15, 15, 15, 15]",0.001,relu,sgd,10,0.19629166666666667,4
1_og_b.csv,"[15, 15, 15, 15]",0.001,relu,sgd,25,0.33330128205128207,4
1_og_b.csv,"[15, 15, 15, 15]",0.001,relu,sgd,50,0.2687019230769231,4
1_og_b.csv,"[15, 15, 15, 15]",0.001,relu,rmsprop,10,0.8365048986101618,4
1_og_b.csv,"[15, 15, 15, 15]",0.001,relu,rmsprop,25,0.8948907222204052,4
1_og_b.csv,"[15, 15, 15, 15]",0.001,relu,rmsprop,50,0.867221829566972,4
1_og_b.csv,"[15, 15, 15, 15]",0.001,tanh,adam,10,0.7099461361098771,4
1_og_b.csv,"[15, 15, 15, 15]",0.001,tanh,adam,25,0.5665266178116215,4
1_og_b.csv,"[15, 15, 15, 15]",0.001,tanh,adam,50,0.550114595883014,4
1_og_b.csv,"[15, 15, 15, 15]",0.001,tanh,sgd,10,0.4284073742794673,4
1_og_b.csv,"[15, 15, 15, 15]",0.001,tanh,sgd,25,0.5015697604073699,4
1_og_b.csv,"[15, 15, 15, 15]",0.001,tanh,sgd,50,0.32894572299285413,4
1_og_b.csv,"[15, 15, 15, 15]",0.001,tanh,rmsprop,10,0.8741023334202209,4
1_og_b.csv,"[15, 15, 15, 15]",0.001,tanh,rmsprop,25,0.8776746987578328,4
1_og_b.csv,"[15, 15, 15, 15]",0.001,tanh,rmsprop,50,0.8874817093577729,4
1_og_b.csv,"[15, 15, 15, 15]",0.01,relu,adam,10,0.8849100264023988,4
1_og_b.csv,"[15, 15, 15, 15]",0.01,relu,adam,25,0.8983747257685579,4
1_og_b.csv,"[15, 15, 15, 15]",0.01,relu,adam,50,0.7973226951030155,4
1_og_b.csv,"[15, 15, 15, 15]",0.01,relu,sgd,10,0.33330128205128207,4
1_og_b.csv,"[15, 15, 15, 15]",0.01,relu,sgd,25,0.20792219274977897,4
1_og_b.csv,"[15, 15, 15, 15]",0.01,relu,sgd,50,0.33330128205128207,4
1_og_b.csv,"[15, 15, 15, 15]",0.01,relu,rmsprop,10,0.9283812177714615,4
1_og_b.csv,"[15, 15, 15, 15]",0.01,relu,rmsprop,25,0.9313173814500407,4
1_og_b.csv,"[15, 15, 15, 15]",0.01,relu,rmsprop,50,0.9359239068761642,4
1_og_b.csv,"[15, 15, 15, 15]",0.01,tanh,adam,10,0.8878371577132151,4
1_og_b.csv,"[15, 15, 15, 15]",0.01,tanh,adam,25,0.8986834132691939,4
1_og_b.csv,"[15, 15, 15, 15]",0.01,tanh,adam,50,0.9010528734742455,4
1_og_b.csv,"[15, 15, 15, 15]",0.01,tanh,sgd,10,0.3769764625171834,4
1_og_b.csv,"[15, 15, 15, 15]",0.01,tanh,sgd,25,0.19895833333333332,4
1_og_b.csv,"[15, 15, 15, 15]",0.01,tanh,sgd,50,0.43185415295150315,4
1_og_b.csv,"[15, 15, 15, 15]",0.01,tanh,rmsprop,10,0.8982832003487584,4
1_og_b.csv,"[15, 15, 15, 15]",0.01,tanh,rmsprop,25,0.9133682215559695,4
1_og_b.csv,"[15, 15, 15, 15]",0.01,tanh,rmsprop,50,0.9019511585975,4
1_og_b.csv,"[15, 15, 15, 15]",0.1,relu,adam,10,0.9189322853361425,4
1_og_b.csv,"[15, 15, 15, 15]",0.1,relu,adam,25,0.9318921711150866,4
1_og_b.csv,"[15, 15, 15, 15]",0.1,relu,adam,50,0.9254532373902766,4
1_og_b.csv,"[15, 15, 15, 15]",0.1,relu,sgd,10,0.14209706959706958,4
1_og_b.csv,"[15, 15, 15, 15]",0.1,relu,sgd,25,0.29438956876456873,4
1_og_b.csv,"[15, 15, 15, 15]",0.1,relu,sgd,50,0.3137019230769231,4
1_og_b.csv,"[15, 15, 15, 15]",0.1,relu,rmsprop,10,0.33434294871794873,4
1_og_b.csv,"[15, 15, 15, 15]",0.1,relu,rmsprop,25,0.20205128205128203,4
1_og_b.csv,"[15, 15, 15, 15]",0.1,relu,rmsprop,50,0.4666185897435898,4
1_og_b.csv,"[15, 15, 15, 15]",0.1,tanh,adam,10,0.8926237390587346,4
1_og_b.csv,"[15, 15, 15, 15]",0.1,tanh,adam,25,0.9053246848718084,4
1_og_b.csv,"[15, 15, 15, 15]",0.1,tanh,adam,50,0.8843980835747718,4
1_og_b.csv,"[15, 15, 15, 15]",0.1,tanh,sgd,10,0.4204985111951509,4
1_og_b.csv,"[15, 15, 15, 15]",0.1,tanh,sgd,25,0.4256747638326585,4
1_og_b.csv,"[15, 15, 15, 15]",0.1,tanh,sgd,50,0.4963719229395724,4
1_og_b.csv,"[15, 15, 15, 15]",0.1,tanh,rmsprop,10,0.7810116258946624,4
1_og_b.csv,"[15, 15, 15, 15]",0.1,tanh,rmsprop,25,0.8445420798124935,4
1_og_b.csv,"[15, 15, 15, 15]",0.1,tanh,rmsprop,50,0.7857061405593313,4
1_og_b.csv,"[15, 15, 15, 15, 15]",0.001,relu,adam,10,0.2761803101533413,5
1_og_b.csv,"[15, 15, 15, 15, 15]",0.001,relu,adam,25,0.4032439163285938,5
1_og_b.csv,"[15, 15, 15, 15, 15]",0.001,relu,adam,50,0.4392799513704686,5
1_og_b.csv,"[15, 15, 15, 15, 15]",0.001,relu,sgd,10,0.332275641025641,5
1_og_b.csv,"[15, 15, 15, 15, 15]",0.001,relu,sgd,25,0.134375,5
1_og_b.csv,"[15, 15, 15, 15, 15]",0.001,relu,sgd,50,0.1989423076923077,5
1_og_b.csv,"[15, 15, 15, 15, 15]",0.001,relu,rmsprop,10,0.8666446750044263,5
1_og_b.csv,"[15, 15, 15, 15, 15]",0.001,relu,rmsprop,25,0.9034628235174631,5
1_og_b.csv,"[15, 15, 15, 15, 15]",0.001,relu,rmsprop,50,0.8643653365786597,5
1_og_b.csv,"[15, 15, 15, 15, 15]",0.001,tanh,adam,10,0.5891049509001637,5
1_og_b.csv,"[15, 15, 15, 15, 15]",0.001,tanh,adam,25,0.5895405086759306,5
1_og_b.csv,"[15, 15, 15, 15, 15]",0.001,tanh,adam,50,0.6217232103759619,5
1_og_b.csv,"[15, 15, 15, 15, 15]",0.001,tanh,sgd,10,0.37412650019357335,5
1_og_b.csv,"[15, 15, 15, 15, 15]",0.001,tanh,sgd,25,0.52693605006105,5
1_og_b.csv,"[15, 15, 15, 15, 15]",0.001,tanh,sgd,50,0.33019230769230773,5
1_og_b.csv,"[15, 15, 15, 15, 15]",0.001,tanh,rmsprop,10,0.8745870797972415,5
1_og_b.csv,"[15, 15, 15, 15, 15]",0.001,tanh,rmsprop,25,0.8853689854862313,5
1_og_b.csv,"[15, 15, 15, 15, 15]",0.001,tanh,rmsprop,50,0.8901811563178189,5
1_og_b.csv,"[15, 15, 15, 15, 15]",0.01,relu,adam,10,0.6897175240862736,5
1_og_b.csv,"[15, 15, 15, 15, 15]",0.01,relu,adam,25,0.8861424224005094,5
1_og_b.csv,"[15, 15, 15, 15, 15]",0.01,relu,adam,50,0.8806551076537913,5
1_og_b.csv,"[15, 15, 15, 15, 15]",0.01,relu,sgd,10,0.46838900134952766,5
1_og_b.csv,"[15, 15, 15, 15, 15]",0.01,relu,sgd,25,0.26871794871794874,5
1_og_b.csv,"[15, 15, 15, 15, 15]",0.01,relu,sgd,50,0.33434294871794873,5
1_og_b.csv,"[15, 15, 15, 15, 15]",0.01,relu,rmsprop,10,0.9256824608151204,5
1_og_b.csv,"[15, 15, 15, 15, 15]",0.01,relu,rmsprop,25,0.9271973554900385,5
1_og_b.csv,"[15, 15, 15, 15, 15]",0.01,relu,rmsprop,50,0.9206394422695687,5
1_og_b.csv,"[15, 15, 15, 15, 15]",0.01,tanh,adam,10,0.8861305534313946,5
1_og_b.csv,"[15, 15, 15, 15, 15]",0.01,tanh,adam,25,0.8939500635562128,5
1_og_b.csv,"[15, 15, 15, 15, 15]",0.01,tanh,adam,50,0.9027549279988305,5
1_og_b.csv,"[15, 15, 15, 15, 15]",0.01,tanh,sgd,10,0.2687019230769231,5
1_og_b.csv,"[15, 15, 15, 15, 15]",0.01,tanh,sgd,25,0.33435897435897444,5
1_og_b.csv,"[15, 15, 15, 15, 15]",0.01,tanh,sgd,50,0.22744258639910814,5
1_og_b.csv,"[15, 15, 15, 15, 15]",0.01,tanh,rmsprop,10,0.8979105341302274,5
1_og_b.csv,"[15, 15, 15, 15, 15]",0.01,tanh,rmsprop,25,0.91903938926157,5
1_og_b.csv,"[15, 15, 15, 15, 15]",0.01,tanh,rmsprop,50,0.8859391331618696,5
1_og_b.csv,"[15, 15, 15, 15, 15]",0.1,relu,adam,10,0.9169104121543145,5
1_og_b.csv,"[15, 15, 15, 15, 15]",0.1,relu,adam,25,0.909706074840863,5
1_og_b.csv,"[15, 15, 15, 15, 15]",0.1,relu,adam,50,0.9379023262715831,5
1_og_b.csv,"[15, 15, 15, 15, 15]",0.1,relu,sgd,10,0.3358814102564103,5
1_og_b.csv,"[15, 15, 15, 15, 15]",0.1,relu,sgd,25,0.4009935897435898,5
1_og_b.csv,"[15, 15, 15, 15, 15]",0.1,relu,sgd,50,0.34633573764252923,5
1_og_b.csv,"[15, 15, 15, 15, 15]",0.1,relu,rmsprop,10,0.39995192307692307,5
1_og_b.csv,"[15, 15, 15, 15, 15]",0.1,relu,rmsprop,25,0.5312179487179487,5
1_og_b.csv,"[15, 15, 15, 15, 15]",0.1,relu,rmsprop,50,0.3999679487179487,5
1_og_b.csv,"[15, 15, 15, 15, 15]",0.1,tanh,adam,10,0.8609553691922113,5
1_og_b.csv,"[15, 15, 15, 15, 15]",0.1,tanh,adam,25,0.8636192772126166,5
1_og_b.csv,"[15, 15, 15, 15, 15]",0.1,tanh,adam,50,0.8704384514687613,5
1_og_b.csv,"[15, 15, 15, 15, 15]",0.1,tanh,sgd,10,0.4423928047636254,5
1_og_b.csv,"[15, 15, 15, 15, 15]",0.1,tanh,sgd,25,0.34551719114219115,5
1_og_b.csv,"[15, 15, 15, 15, 15]",0.1,tanh,sgd,50,0.2987012476667649,5
1_og_b.csv,"[15, 15, 15, 15, 15]",0.1,tanh,rmsprop,10,0.7934240911645737,5
1_og_b.csv,"[15, 15, 15, 15, 15]",0.1,tanh,rmsprop,25,0.7551344617451305,5
1_og_b.csv,"[15, 15, 15, 15, 15]",0.1,tanh,rmsprop,50,0.7061938617056758,5
